company_id,year,cash_from_operations_cr,capex_cr,free_cash_flow_cr,free_cash_flow_calculated,fcf_match,source_available,validation_status
ABB,Dec 2012,101.0,59.0,42.0,42.0,True,True,Match
ABB,Mar 2014,155.0,144.0,11.0,11.0,True,True,Match
ABB,Mar 2015,215.0,187.0,28.0,28.0,True,True,Match
ABB,Mar 2016,249.0,77.0,172.0,172.0,True,True,Match
ABB,Mar 2017,307.0,155.0,152.0,152.0,True,True,Match
ABB,Mar 2018,153.0,215.0,-62.0,-62.0,True,True,Match
ABB,Mar 2019,499.0,257.0,242.0,242.0,True,True,Match
ABB,Mar 2020,626.0,401.0,225.0,225.0,True,True,Match
ABB,Mar 2021,727.0,72.0,655.0,655.0,True,True,Match
ABB,Mar 2022,948.0,396.0,552.0,552.0,True,True,Match
ABB,Mar 2023,893.0,148.0,745.0,745.0,True,True,Match
ABB,Mar 2024,1213.0,416.0,797.0,797.0,True,True,Match
ADANIENSOL,Mar 2014,0.0,0.0,0.0,0.0,True,True,Match
ADANIENSOL,Mar 2015,-35.0,1864.0,-1899.0,-1899.0,True,True,Match
ADANIENSOL,Mar 2016,1544.0,816.0,728.0,728.0,True,True,Match
ADANIENSOL,Mar 2017,2189.0,1730.0,459.0,459.0,True,True,Match
ADANIENSOL,Mar 2018,2198.0,3192.0,-994.0,-994.0,True,True,Match
ADANIENSOL,Mar 2019,2591.0,3050.0,-459.0,-459.0,True,True,Match
ADANIENSOL,Mar 2020,5437.0,5643.0,-206.0,-206.0,True,True,Match
ADANIENSOL,Mar 2021,3784.0,4009.0,-225.0,-225.0,True,True,Match
ADANIENSOL,Mar 2022,4097.0,3936.0,161.0,161.0,True,True,Match
ADANIENSOL,Mar 2023,3777.0,4699.0,-922.0,-922.0,True,True,Match
ADANIENSOL,Mar 2024,6038.0,4943.0,1095.0,1095.0,True,True,Match
ADANIENT,Mar 2013,7666.0,14790.0,-7124.0,-7124.0,True,True,Match
ADANIENT,Mar 2014,8228.0,8007.0,221.0,221.0,True,True,Match
ADANIENT,Mar 2015,8532.0,11465.0,-2933.0,-2933.0,True,True,Match
ADANIENT,Mar 2016,5112.0,1825.0,3287.0,3287.0,True,True,Match
ADANIENT,Mar 2017,774.0,1460.0,-686.0,-686.0,True,True,Match
ADANIENT,Mar 2018,2942.0,7649.0,-4707.0,-4707.0,True,True,Match
ADANIENT,Mar 2019,3236.0,2487.0,5723.0,749.0,False,True,Mismatch
ADANIENT,Mar 2020,2454.0,1082.0,1372.0,1372.0,True,True,Match
ADANIENT,Mar 2021,4043.0,8611.0,-4568.0,-4568.0,True,True,Match
ADANIENT,Mar 2022,1385.0,17041.0,-15656.0,-15656.0,True,True,Match
ADANIENT,Mar 2023,17626.0,15459.0,2167.0,2167.0,True,True,Match
ADANIENT,Mar 2024,10312.0,18767.0,-8455.0,-8455.0,True,True,Match
ADANIGREEN,Mar 2017,28.0,1511.0,-1483.0,-1483.0,True,True,Match
ADANIGREEN,Mar 2018,649.0,4428.0,-3779.0,-3779.0,True,True,Match
ADANIGREEN,Mar 2019,1625.0,2666.0,-1041.0,-1041.0,True,True,Match
ADANIGREEN,Mar 2020,1965.0,3743.0,-1778.0,-1778.0,True,True,Match
ADANIGREEN,Mar 2021,1601.0,9137.0,-7536.0,-7536.0,True,True,Match
ADANIGREEN,Mar 2022,3127.0,18730.0,-15603.0,-15603.0,True,True,Match
ADANIGREEN,Mar 2023,7265.0,3857.0,3408.0,3408.0,True,True,Match
ADANIGREEN,Mar 2024,7713.0,21060.0,-13347.0,-13347.0,True,True,Match
ADANIPORTS,Mar 2013,1379.0,5136.0,-3757.0,-3757.0,True,True,Match
ADANIPORTS,Mar 2014,1132.0,2510.0,-1378.0,-1378.0,True,True,Match
ADANIPORTS,Mar 2015,3057.0,2485.0,572.0,572.0,True,True,Match
ADANIPORTS,Mar 2016,2381.0,4153.0,-1772.0,-1772.0,True,True,Match
ADANIPORTS,Mar 2017,4063.0,2629.0,1434.0,1434.0,True,True,Match
ADANIPORTS,Mar 2018,5608.0,3846.0,1762.0,1762.0,True,True,Match
ADANIPORTS,Mar 2019,6029.0,4368.0,1661.0,1661.0,True,True,Match
ADANIPORTS,Mar 2020,7402.0,749.0,6653.0,6653.0,True,True,Match
ADANIPORTS,Mar 2021,7556.0,14064.0,-6508.0,-6508.0,True,True,Match
ADANIPORTS,Mar 2022,10420.0,5493.0,4927.0,4927.0,True,True,Match
ADANIPORTS,Mar 2023,11900.0,16716.0,-4816.0,-4816.0,True,True,Match
ADANIPORTS,Mar 2024,15018.0,6768.0,8250.0,8250.0,True,True,Match
ADANIPOWER,Mar 2013,3001.0,4064.0,-1063.0,-1063.0,True,True,Match
ADANIPOWER,Mar 2014,3238.0,4700.0,-1462.0,-1462.0,True,True,Match
ADANIPOWER,Mar 2015,5824.0,4737.0,1087.0,1087.0,True,True,Match
ADANIPOWER,Mar 2016,5257.0,2692.0,2565.0,2565.0,True,True,Match
ADANIPOWER,Mar 2017,4725.0,1212.0,3513.0,3513.0,True,True,Match
ADANIPOWER,Mar 2018,5101.0,520.0,4581.0,4581.0,True,True,Match
ADANIPOWER,Mar 2019,5610.0,984.0,4626.0,4626.0,True,True,Match
ADANIPOWER,Mar 2020,5598.0,2304.0,3294.0,3294.0,True,True,Match
ADANIPOWER,Mar 2021,7014.0,2188.0,4826.0,4826.0,True,True,Match
ADANIPOWER,Mar 2022,10233.0,774.0,11007.0,9459.0,False,True,Mismatch
ADANIPOWER,Mar 2023,8431.0,1545.0,9976.0,6886.0,False,True,Mismatch
ADANIPOWER,Mar 2024,14170.0,3481.0,17651.0,10689.0,False,True,Mismatch
AMBUJACEM,Dec 2012,1860.0,388.0,1472.0,1472.0,True,True,Match
AMBUJACEM,Dec 2013,1267.0,496.0,771.0,771.0,True,True,Match
AMBUJACEM,Dec 2014,1675.0,456.0,1219.0,1219.0,True,True,Match
AMBUJACEM,Dec 2015,1557.0,83.0,1474.0,1474.0,True,True,Match
AMBUJACEM,Dec 2016,2810.0,4165.0,-1355.0,-1355.0,True,True,Match
AMBUJACEM,Dec 2017,3416.0,738.0,2678.0,2678.0,True,True,Match
AMBUJACEM,Dec 2018,1703.0,765.0,938.0,938.0,True,True,Match
AMBUJACEM,Dec 2019,4739.0,1191.0,3548.0,3548.0,True,True,Match
AMBUJACEM,Dec 2020,4832.0,1317.0,3515.0,3515.0,True,True,Match
AMBUJACEM,Dec 2021,5309.0,2007.0,3302.0,3302.0,True,True,Match
AMBUJACEM,Mar 2024,5646.0,8941.0,-3295.0,-3295.0,True,True,Match
APOLLOHOSP,Mar 2013,443.0,733.0,-290.0,-290.0,True,True,Match
APOLLOHOSP,Mar 2014,373.0,356.0,17.0,17.0,True,True,Match
APOLLOHOSP,Mar 2015,470.0,759.0,-289.0,-289.0,True,True,Match
APOLLOHOSP,Mar 2016,597.0,888.0,-291.0,-291.0,True,True,Match
APOLLOHOSP,Mar 2017,623.0,1152.0,-529.0,-529.0,True,True,Match
APOLLOHOSP,Mar 2018,537.0,405.0,132.0,132.0,True,True,Match
APOLLOHOSP,Mar 2019,905.0,711.0,194.0,194.0,True,True,Match
APOLLOHOSP,Mar 2020,1293.0,289.0,1004.0,1004.0,True,True,Match
APOLLOHOSP,Mar 2021,1265.0,880.0,385.0,385.0,True,True,Match
APOLLOHOSP,Mar 2022,1696.0,747.0,949.0,949.0,True,True,Match
APOLLOHOSP,Mar 2023,1377.0,857.0,520.0,520.0,True,True,Match
APOLLOHOSP,Mar 2024,1920.0,1537.0,383.0,383.0,True,True,Match
ASIANPAINT,Mar 2013,1187.0,463.0,724.0,724.0,True,True,Match
ASIANPAINT,Mar 2014,1402.0,586.0,816.0,816.0,True,True,Match
ASIANPAINT,Mar 2015,1188.0,465.0,723.0,723.0,True,True,Match
ASIANPAINT,Mar 2016,2243.0,866.0,1377.0,1377.0,True,True,Match
ASIANPAINT,Mar 2017,1527.0,681.0,846.0,846.0,True,True,Match
ASIANPAINT,Mar 2018,2113.0,1556.0,557.0,557.0,True,True,Match
ASIANPAINT,Mar 2019,2470.0,918.0,1552.0,1552.0,True,True,Match
ASIANPAINT,Mar 2020,3038.0,518.0,2520.0,2520.0,True,True,Match
ASIANPAINT,Mar 2021,3683.0,541.0,3142.0,3142.0,True,True,Match
ASIANPAINT,Mar 2022,986.0,317.0,669.0,669.0,True,True,Match
ASIANPAINT,Mar 2023,4193.0,1282.0,2911.0,2911.0,True,True,Match
ASIANPAINT,Mar 2024,6104.0,2548.0,3556.0,3556.0,True,True,Match
BAJAJ-AUTO,Mar 2013,2218.0,1394.0,824.0,824.0,True,True,Match
BAJAJ-AUTO,Mar 2014,3502.0,2072.0,1430.0,1430.0,True,True,Match
BAJAJ-AUTO,Mar 2015,2114.0,380.0,1734.0,1734.0,True,True,Match
BAJAJ-AUTO,Mar 2016,3690.0,68.0,3622.0,3622.0,True,True,Match
BAJAJ-AUTO,Mar 2017,3267.0,3610.0,-343.0,-343.0,True,True,Match
BAJAJ-AUTO,Mar 2018,4328.0,1954.0,2374.0,2374.0,True,True,Match
BAJAJ-AUTO,Mar 2019,2487.0,273.0,2214.0,2214.0,True,True,Match
BAJAJ-AUTO,Mar 2020,3850.0,1766.0,5616.0,2084.0,False,True,Mismatch
BAJAJ-AUTO,Mar 2021,3120.0,2869.0,251.0,251.0,True,True,Match
BAJAJ-AUTO,Mar 2022,4197.0,276.0,4473.0,3921.0,False,True,Mismatch
BAJAJ-AUTO,Mar 2023,5277.0,1211.0,6488.0,4066.0,False,True,Mismatch
BAJAJ-AUTO,Mar 2024,6558.0,72.0,6486.0,6486.0,True,True,Match
AXISBANK,Mar 2013,2573.0,10939.0,-8366.0,-8366.0,True,True,Match
AXISBANK,Mar 2014,14464.0,14166.0,298.0,298.0,True,True,Match
AXISBANK,Mar 2015,-15162.0,7972.0,-23134.0,-23134.0,True,True,Match
AXISBANK,Mar 2016,-34495.0,9211.0,-25284.0,-43706.0,False,True,Mismatch
AXISBANK,Mar 2017,32209.0,12458.0,19751.0,19751.0,True,True,Match
AXISBANK,Mar 2018,-38390.0,10007.0,-48397.0,-48397.0,True,True,Match
AXISBANK,Mar 2019,37125.0,18674.0,18451.0,18451.0,True,True,Match
AXISBANK,Mar 2020,30416.0,9485.0,20931.0,20931.0,True,True,Match
AXISBANK,Mar 2021,12633.0,54288.0,-41655.0,-41655.0,True,True,Match
AXISBANK,Mar 2022,28137.0,27112.0,1025.0,1025.0,True,True,Match
AXISBANK,Mar 2023,22075.0,32351.0,-10276.0,-10276.0,True,True,Match
AXISBANK,Mar 2024,-5555.0,9001.0,-14556.0,-14556.0,True,True,Match
BAJAJFINSV,Mar 2013,-6922.0,2953.0,-3969.0,-9875.0,False,True,Mismatch
BAJAJFINSV,Mar 2014,-9807.0,3764.0,-6043.0,-13571.0,False,True,Mismatch
BAJAJFINSV,Mar 2015,-10731.0,3709.0,-7022.0,-14440.0,False,True,Mismatch
BAJAJFINSV,Mar 2016,-9795.0,886.0,-10681.0,-10681.0,True,True,Match
BAJAJFINSV,Mar 2017,-10922.0,151.0,-10771.0,-11073.0,False,True,Mismatch
BAJAJFINSV,Mar 2018,-19580.0,922.0,-20502.0,-20502.0,True,True,Match
BAJAJFINSV,Mar 2019,-27076.0,6903.0,-33979.0,-33979.0,True,True,Match
BAJAJFINSV,Mar 2020,-23369.0,9948.0,-33317.0,-33317.0,True,True,Match
BAJAJFINSV,Mar 2021,4547.0,3684.0,863.0,863.0,True,True,Match
BAJAJFINSV,Mar 2022,-33670.0,1445.0,-32225.0,-35115.0,False,True,Mismatch
BAJAJFINSV,Mar 2023,-39480.0,13945.0,-53425.0,-53425.0,True,True,Match
BAJAJFINSV,Mar 2024,-68674.0,10960.0,-79634.0,-79634.0,True,True,Match
BAJAJHLDNG,Mar 2013,473.0,369.0,104.0,104.0,True,True,Match
BAJAJHLDNG,Mar 2014,872.0,519.0,353.0,353.0,True,True,Match
BAJAJHLDNG,Mar 2015,796.0,464.0,332.0,332.0,True,True,Match
BAJAJHLDNG,Mar 2016,1147.0,1019.0,2166.0,128.0,False,True,Mismatch
BAJAJHLDNG,Mar 2017,-923.0,372.0,-1295.0,-1295.0,True,True,Match
BAJAJHLDNG,Mar 2018,1631.0,1123.0,508.0,508.0,True,True,Match
BAJAJHLDNG,Mar 2019,628.0,163.0,465.0,465.0,True,True,Match
BAJAJHLDNG,Mar 2020,1920.0,800.0,1120.0,1120.0,True,True,Match
BAJAJHLDNG,Mar 2021,272.0,308.0,-36.0,-36.0,True,True,Match
BAJAJHLDNG,Mar 2022,1610.0,151.0,1459.0,1459.0,True,True,Match
BAJAJHLDNG,Mar 2023,1728.0,137.0,1591.0,1591.0,True,True,Match
BAJAJHLDNG,Mar 2024,1941.0,472.0,1469.0,1469.0,True,True,Match
BAJFINANCE,Mar 2015,-7064.0,360.0,-7424.0,-7424.0,True,True,Match
BAJFINANCE,Mar 2016,-9870.0,687.0,-10557.0,-10557.0,True,True,Match
BAJFINANCE,Mar 2017,-10439.0,3047.0,-13486.0,-13486.0,True,True,Match
BAJFINANCE,Mar 2018,-20566.0,1075.0,-19491.0,-21641.0,False,True,Mismatch
BAJFINANCE,Mar 2019,-29062.0,5379.0,-34441.0,-34441.0,True,True,Match
BAJFINANCE,Mar 2020,-24412.0,8758.0,-33170.0,-33170.0,True,True,Match
BAJFINANCE,Mar 2021,-807.0,429.0,-1236.0,-1236.0,True,True,Match
BAJFINANCE,Mar 2022,-37090.0,6347.0,-30743.0,-43437.0,False,True,Mismatch
BAJFINANCE,Mar 2023,-42112.0,10394.0,-52506.0,-52506.0,True,True,Match
BAJFINANCE,Mar 2024,-72760.0,7171.0,-79931.0,-79931.0,True,True,Match
BANKBARODA,Mar 2013,23196.0,514.0,22682.0,22682.0,True,True,Match
BANKBARODA,Mar 2014,42233.0,730.0,41503.0,41503.0,True,True,Match
BANKBARODA,Mar 2015,17838.0,556.0,17282.0,17282.0,True,True,Match
BANKBARODA,Mar 2016,-10011.0,4005.0,-14016.0,-14016.0,True,True,Match
BANKBARODA,Mar 2017,17865.0,551.0,17314.0,17314.0,True,True,Match
BANKBARODA,Mar 2018,-59692.0,414.0,-60106.0,-60106.0,True,True,Match
BANKBARODA,Mar 2019,-1449.0,2537.0,-3986.0,-3986.0,True,True,Match
BANKBARODA,Mar 2020,18531.0,139.0,18392.0,18392.0,True,True,Match
BANKBARODA,Mar 2021,-887.0,471.0,-1358.0,-1358.0,True,True,Match
BANKBARODA,Mar 2022,6210.0,3645.0,2565.0,2565.0,True,True,Match
BANKBARODA,Mar 2023,-21354.0,1096.0,-22450.0,-22450.0,True,True,Match
BANKBARODA,Mar 2024,-6274.0,1285.0,-7559.0,-7559.0,True,True,Match
BHARTIARTL,Mar 2013,22608.0,18676.0,3932.0,3932.0,True,True,Match
BHARTIARTL,Mar 2014,26233.0,25181.0,1052.0,1052.0,True,True,Match
BHARTIARTL,Mar 2015,28059.0,22301.0,5758.0,5758.0,True,True,Match
BHARTIARTL,Mar 2016,27942.0,14091.0,13851.0,13851.0,True,True,Match
BHARTIARTL,Mar 2017,28280.0,30680.0,-2400.0,-2400.0,True,True,Match
BHARTIARTL,Mar 2018,29854.0,27940.0,1914.0,1914.0,True,True,Match
BHARTIARTL,Mar 2019,20070.0,28286.0,-8216.0,-8216.0,True,True,Match
BHARTIARTL,Mar 2020,18129.0,29598.0,-11469.0,-11469.0,True,True,Match
BHARTIARTL,Mar 2021,48205.0,27286.0,20919.0,20919.0,True,True,Match
BHARTIARTL,Mar 2022,55017.0,41478.0,13539.0,13539.0,True,True,Match
BHARTIARTL,Mar 2023,65325.0,39232.0,26093.0,26093.0,True,True,Match
BHARTIARTL,Mar 2024,78898.0,51089.0,27809.0,27809.0,True,True,Match
BEL,Mar 2013,-1539.0,1753.0,214.0,-3292.0,False,True,Mismatch
BEL,Mar 2014,-569.0,759.0,190.0,-1328.0,False,True,Mismatch
BEL,Mar 2015,1434.0,839.0,595.0,595.0,True,True,Match
BEL,Mar 2016,2260.0,1470.0,790.0,790.0,True,True,Match
BEL,Mar 2017,-61.0,3115.0,3054.0,-3176.0,False,True,Mismatch
BEL,Mar 2018,-687.0,6.0,-693.0,-693.0,True,True,Match
BEL,Mar 2019,1514.0,896.0,618.0,618.0,True,True,Match
BEL,Mar 2020,2570.0,649.0,1921.0,1921.0,True,True,Match
BEL,Mar 2021,5093.0,2595.0,2498.0,2498.0,True,True,Match
BEL,Mar 2022,4207.0,4872.0,-665.0,-665.0,True,True,Match
BEL,Mar 2023,1199.0,2708.0,3907.0,-1509.0,False,True,Mismatch
BEL,Mar 2024,4659.0,5924.0,-1265.0,-1265.0,True,True,Match
BHEL,Mar 2013,1759.0,1113.0,646.0,646.0,True,True,Match
BHEL,Mar 2014,4512.0,868.0,3644.0,3644.0,True,True,Match
BHEL,Mar 2015,821.0,650.0,1471.0,171.0,False,True,Mismatch
BHEL,Mar 2016,374.0,23.0,397.0,351.0,False,True,Mismatch
BHEL,Mar 2017,560.0,565.0,-5.0,-5.0,True,True,Match
BHEL,Mar 2018,989.0,961.0,1950.0,28.0,False,True,Mismatch
BHEL,Mar 2019,-3860.0,1919.0,-1941.0,-5779.0,False,True,Mismatch
BHEL,Mar 2020,-2892.0,1877.0,-1015.0,-4769.0,False,True,Mismatch
BHEL,Mar 2021,560.0,42.0,518.0,518.0,True,True,Match
BHEL,Mar 2022,660.0,1118.0,-458.0,-458.0,True,True,Match
BHEL,Mar 2023,-741.0,1480.0,739.0,-2221.0,False,True,Mismatch
BHEL,Mar 2024,-3713.0,1331.0,-2382.0,-5044.0,False,True,Mismatch
BOSCHLTD,Dec 2012,871.0,824.0,47.0,47.0,True,True,Match
BOSCHLTD,Dec 2013,1057.0,846.0,211.0,211.0,True,True,Match
BOSCHLTD,Mar 2015,1396.0,1183.0,213.0,213.0,True,True,Match
BOSCHLTD,Mar 2016,1318.0,995.0,323.0,323.0,True,True,Match
BOSCHLTD,Mar 2017,1457.0,1246.0,2703.0,211.0,False,True,Mismatch
BOSCHLTD,Mar 2018,1729.0,1170.0,559.0,559.0,True,True,Match
BOSCHLTD,Mar 2019,593.0,1766.0,2359.0,-1173.0,False,True,Mismatch
BOSCHLTD,Mar 2020,1336.0,873.0,463.0,463.0,True,True,Match
BOSCHLTD,Mar 2021,835.0,463.0,372.0,372.0,True,True,Match
BOSCHLTD,Mar 2022,271.0,33.0,238.0,238.0,True,True,Match
BOSCHLTD,Mar 2023,1214.0,262.0,1476.0,952.0,False,True,Mismatch
BOSCHLTD,Mar 2024,1253.0,283.0,1536.0,970.0,False,True,Mismatch
BPCL,Mar 2013,5926.0,3604.0,2322.0,2322.0,True,True,Match
BPCL,Mar 2014,9588.0,6881.0,2707.0,2707.0,True,True,Match
BPCL,Mar 2015,20742.0,10536.0,10206.0,10206.0,True,True,Match
BPCL,Mar 2016,11119.0,9233.0,1886.0,1886.0,True,True,Match
BPCL,Mar 2017,9041.0,15274.0,-6233.0,-6233.0,True,True,Match
BPCL,Mar 2018,11068.0,7066.0,4002.0,4002.0,True,True,Match
BPCL,Mar 2019,10157.0,10451.0,-294.0,-294.0,True,True,Match
BPCL,Mar 2020,7881.0,11135.0,-3254.0,-3254.0,True,True,Match
BPCL,Mar 2021,23455.0,2474.0,20981.0,20981.0,True,True,Match
BPCL,Mar 2022,20336.0,8138.0,12198.0,12198.0,True,True,Match
BPCL,Mar 2023,12466.0,7806.0,4660.0,4660.0,True,True,Match
BPCL,Mar 2024,35936.0,10521.0,25415.0,25415.0,True,True,Match
BRITANNIA,Mar 2013,320.0,28.0,348.0,292.0,False,True,Mismatch
BRITANNIA,Mar 2014,671.0,246.0,425.0,425.0,True,True,Match
BRITANNIA,Mar 2015,584.0,450.0,134.0,134.0,True,True,Match
BRITANNIA,Mar 2016,959.0,705.0,254.0,254.0,True,True,Match
BRITANNIA,Mar 2017,441.0,150.0,291.0,291.0,True,True,Match
BRITANNIA,Mar 2018,1249.0,957.0,292.0,292.0,True,True,Match
BRITANNIA,Mar 2019,1156.0,852.0,304.0,304.0,True,True,Match
BRITANNIA,Mar 2020,1485.0,1526.0,-41.0,-41.0,True,True,Match
BRITANNIA,Mar 2021,1876.0,433.0,2309.0,1443.0,False,True,Mismatch
BRITANNIA,Mar 2022,1300.0,914.0,2214.0,386.0,False,True,Mismatch
BRITANNIA,Mar 2023,2526.0,1507.0,1019.0,1019.0,True,True,Match
BRITANNIA,Mar 2024,2573.0,477.0,3050.0,2096.0,False,True,Mismatch
CANBK,Mar 2013,8010.0,435.0,7575.0,7575.0,True,True,Match
CANBK,Mar 2014,14244.0,380.0,13864.0,13864.0,True,True,Match
CANBK,Mar 2015,6344.0,1104.0,5240.0,5240.0,True,True,Match
CANBK,Mar 2016,9346.0,443.0,8903.0,8903.0,True,True,Match
CANBK,Mar 2017,2575.0,476.0,2099.0,2099.0,True,True,Match
CANBK,Mar 2018,-11120.0,487.0,-11607.0,-11607.0,True,True,Match
CANBK,Mar 2019,18237.0,745.0,17492.0,17492.0,True,True,Match
CANBK,Mar 2020,-5289.0,445.0,-5734.0,-5734.0,True,True,Match
CANBK,Mar 2021,59118.0,1116.0,58002.0,58002.0,True,True,Match
CANBK,Mar 2022,919.0,1429.0,-510.0,-510.0,True,True,Match
CANBK,Mar 2023,-39978.0,1156.0,-41134.0,-41134.0,True,True,Match
CANBK,Mar 2024,15046.0,1750.0,13296.0,13296.0,True,True,Match
CHOLAFIN,Mar 2013,-3754.0,5.0,-3749.0,-3759.0,False,True,Mismatch
CHOLAFIN,Mar 2014,-2447.0,83.0,-2530.0,-2530.0,True,True,Match
CHOLAFIN,Mar 2015,-2264.0,40.0,-2304.0,-2304.0,True,True,Match
CHOLAFIN,Mar 2016,-2809.0,137.0,-2946.0,-2946.0,True,True,Match
CHOLAFIN,Mar 2017,-1468.0,222.0,-1690.0,-1690.0,True,True,Match
CHOLAFIN,Mar 2018,-7926.0,60.0,-7986.0,-7986.0,True,True,Match
CHOLAFIN,Mar 2019,-9317.0,11.0,-9328.0,-9328.0,True,True,Match
CHOLAFIN,Mar 2020,-2075.0,54.0,-2129.0,-2129.0,True,True,Match
CHOLAFIN,Mar 2021,-8848.0,1746.0,-10594.0,-10594.0,True,True,Match
CHOLAFIN,Mar 2022,-5571.0,1640.0,-3931.0,-7211.0,False,True,Mismatch
CHOLAFIN,Mar 2023,-27105.0,2148.0,-29253.0,-29253.0,True,True,Match
CHOLAFIN,Mar 2024,-35683.0,2855.0,-38538.0,-38538.0,True,True,Match
CIPLA,Mar 2013,1398.0,2063.0,-665.0,-665.0,True,True,Match
CIPLA,Mar 2014,1563.0,1265.0,298.0,298.0,True,True,Match
CIPLA,Mar 2015,1173.0,950.0,223.0,223.0,True,True,Match
CIPLA,Mar 2016,1741.0,4533.0,-2792.0,-2792.0,True,True,Match
CIPLA,Mar 2017,2382.0,1304.0,1078.0,1078.0,True,True,Match
CIPLA,Mar 2018,1463.0,834.0,629.0,629.0,True,True,Match
CIPLA,Mar 2019,1691.0,1688.0,3.0,3.0,True,True,Match
CIPLA,Mar 2020,3068.0,114.0,3182.0,2954.0,False,True,Mismatch
CIPLA,Mar 2021,3755.0,2374.0,1381.0,1381.0,True,True,Match
CIPLA,Mar 2022,3326.0,1858.0,1468.0,1468.0,True,True,Match
CIPLA,Mar 2023,3238.0,2376.0,862.0,862.0,True,True,Match
CIPLA,Mar 2024,4134.0,2982.0,1152.0,1152.0,True,True,Match
COALINDIA,Mar 2013,9109.0,1833.0,7276.0,7276.0,True,True,Match
COALINDIA,Mar 2014,14525.0,8580.0,23105.0,5945.0,False,True,Mismatch
COALINDIA,Mar 2015,14382.0,894.0,15276.0,13488.0,False,True,Mismatch
COALINDIA,Mar 2016,13154.0,8154.0,21308.0,5000.0,False,True,Mismatch
COALINDIA,Mar 2017,16461.0,455.0,16916.0,16006.0,False,True,Mismatch
COALINDIA,Mar 2018,21115.0,7747.0,13368.0,13368.0,True,True,Match
COALINDIA,Mar 2019,16356.0,7896.0,8460.0,8460.0,True,True,Match
COALINDIA,Mar 2020,4977.0,1033.0,6010.0,3944.0,False,True,Mismatch
COALINDIA,Mar 2021,10592.0,182.0,10774.0,10410.0,False,True,Mismatch
COALINDIA,Mar 2022,41107.0,25715.0,15392.0,15392.0,True,True,Match
COALINDIA,Mar 2023,35734.0,23465.0,12269.0,12269.0,True,True,Match
COALINDIA,Mar 2024,18103.0,4486.0,13617.0,13617.0,True,True,Match
DABUR,Mar 2013,870.0,622.0,248.0,248.0,True,True,Match
DABUR,Mar 2014,1098.0,104.0,994.0,994.0,True,True,Match
DABUR,Mar 2015,1047.0,876.0,171.0,171.0,True,True,Match
DABUR,Mar 2016,1187.0,730.0,457.0,457.0,True,True,Match
DABUR,Mar 2017,1227.0,807.0,420.0,420.0,True,True,Match
DABUR,Mar 2018,1092.0,541.0,551.0,551.0,True,True,Match
DABUR,Mar 2019,1499.0,338.0,1837.0,1161.0,False,True,Mismatch
DABUR,Mar 2020,1614.0,517.0,1097.0,1097.0,True,True,Match
DABUR,Mar 2021,2115.0,1404.0,711.0,711.0,True,True,Match
DABUR,Mar 2022,1802.0,1273.0,529.0,529.0,True,True,Match
DABUR,Mar 2023,1488.0,583.0,905.0,905.0,True,True,Match
DABUR,Mar 2024,2013.0,971.0,1042.0,1042.0,True,True,Match
DIVISLAB,Mar 2013,480.0,255.0,225.0,225.0,True,True,Match
DIVISLAB,Mar 2014,557.0,305.0,252.0,252.0,True,True,Match
DIVISLAB,Mar 2015,826.0,521.0,305.0,305.0,True,True,Match
DIVISLAB,Mar 2016,1038.0,406.0,632.0,632.0,True,True,Match
DIVISLAB,Mar 2017,1150.0,1140.0,10.0,10.0,True,True,Match
DIVISLAB,Mar 2018,776.0,478.0,298.0,298.0,True,True,Match
DIVISLAB,Mar 2019,954.0,685.0,269.0,269.0,True,True,Match
DIVISLAB,Mar 2020,1216.0,83.0,1133.0,1133.0,True,True,Match
DIVISLAB,Mar 2021,1947.0,75.0,2022.0,1872.0,False,True,Mismatch
DIVISLAB,Mar 2022,1912.0,2195.0,-283.0,-283.0,True,True,Match
DIVISLAB,Mar 2023,2459.0,2707.0,-248.0,-248.0,True,True,Match
DIVISLAB,Mar 2024,1261.0,269.0,992.0,992.0,True,True,Match
DLF,Mar 2013,2009.0,1995.0,4004.0,14.0,False,True,Mismatch
DLF,Mar 2014,1468.0,3924.0,5392.0,-2456.0,False,True,Mismatch
DLF,Mar 2015,2037.0,98.0,2135.0,1939.0,False,True,Mismatch
DLF,Mar 2016,2957.0,818.0,2139.0,2139.0,True,True,Match
DLF,Mar 2017,-898.0,872.0,-26.0,-1770.0,False,True,Mismatch
DLF,Mar 2018,270.0,2102.0,-1832.0,-1832.0,True,True,Match
DLF,Mar 2019,2043.0,3.0,2046.0,2040.0,False,True,Mismatch
DLF,Mar 2020,356.0,6508.0,6864.0,-6152.0,False,True,Mismatch
DLF,Mar 2021,1460.0,150.0,1610.0,1310.0,False,True,Mismatch
DLF,Mar 2022,2832.0,267.0,3099.0,2565.0,False,True,Mismatch
DLF,Mar 2023,2375.0,461.0,1914.0,1914.0,True,True,Match
DLF,Mar 2024,2539.0,1529.0,1010.0,1010.0,True,True,Match
DMART,Mar 2013,127.0,231.0,-104.0,-104.0,True,True,Match
DMART,Mar 2014,198.0,270.0,-72.0,-72.0,True,True,Match
DMART,Mar 2015,222.0,474.0,-252.0,-252.0,True,True,Match
DMART,Mar 2016,433.0,633.0,-200.0,-200.0,True,True,Match
DMART,Mar 2017,455.0,2482.0,-2027.0,-2027.0,True,True,Match
DMART,Mar 2018,730.0,464.0,1194.0,266.0,False,True,Mismatch
DMART,Mar 2019,807.0,958.0,-151.0,-151.0,True,True,Match
DMART,Mar 2020,1280.0,4657.0,-3377.0,-3377.0,True,True,Match
DMART,Mar 2021,1375.0,1110.0,265.0,265.0,True,True,Match
DMART,Mar 2022,1372.0,1289.0,83.0,83.0,True,True,Match
DMART,Mar 2023,2630.0,2313.0,317.0,317.0,True,True,Match
DMART,Mar 2024,2746.0,2468.0,278.0,278.0,True,True,Match
DRREDDY,Mar 2013,1378.0,1437.0,-59.0,-59.0,True,True,Match
DRREDDY,Mar 2014,1970.0,1604.0,366.0,366.0,True,True,Match
DRREDDY,Mar 2015,2524.0,2370.0,154.0,154.0,True,True,Match
DRREDDY,Mar 2016,3263.0,1610.0,1653.0,1653.0,True,True,Match
DRREDDY,Mar 2017,2144.0,1890.0,254.0,254.0,True,True,Match
DRREDDY,Mar 2018,1803.0,1483.0,320.0,320.0,True,True,Match
DRREDDY,Mar 2019,2870.0,769.0,2101.0,2101.0,True,True,Match
DRREDDY,Mar 2020,2984.0,495.0,2489.0,2489.0,True,True,Match
DRREDDY,Mar 2021,3570.0,2255.0,1315.0,1315.0,True,True,Match
DRREDDY,Mar 2022,2811.0,2565.0,246.0,246.0,True,True,Match
DRREDDY,Mar 2023,5888.0,4109.0,1779.0,1779.0,True,True,Match
DRREDDY,Mar 2024,4543.0,4034.0,509.0,509.0,True,True,Match
EICHERMOT,Dec 2012,496.0,773.0,-277.0,-277.0,True,True,Match
EICHERMOT,Dec 2013,716.0,790.0,-74.0,-74.0,True,True,Match
EICHERMOT,Dec 2014,1047.0,1214.0,-167.0,-167.0,True,True,Match
EICHERMOT,Mar 2016,1463.0,1001.0,462.0,462.0,True,True,Match
EICHERMOT,Mar 2017,1708.0,1744.0,-36.0,-36.0,True,True,Match
EICHERMOT,Mar 2018,2482.0,2145.0,337.0,337.0,True,True,Match
EICHERMOT,Mar 2019,1575.0,660.0,915.0,915.0,True,True,Match
EICHERMOT,Mar 2020,1694.0,1508.0,186.0,186.0,True,True,Match
EICHERMOT,Mar 2021,1691.0,1625.0,66.0,66.0,True,True,Match
EICHERMOT,Mar 2022,1527.0,983.0,544.0,544.0,True,True,Match
EICHERMOT,Mar 2023,2823.0,2397.0,426.0,426.0,True,True,Match
EICHERMOT,Mar 2024,3724.0,2834.0,890.0,890.0,True,True,Match
GAIL,Mar 2013,6603.0,8626.0,-2023.0,-2023.0,True,True,Match
GAIL,Mar 2014,4615.0,4466.0,149.0,149.0,True,True,Match
GAIL,Mar 2015,4214.0,2809.0,1405.0,1405.0,True,True,Match
GAIL,Mar 2016,3960.0,904.0,3056.0,3056.0,True,True,Match
GAIL,Mar 2017,6024.0,334.0,5690.0,5690.0,True,True,Match
GAIL,Mar 2018,8769.0,2660.0,6109.0,6109.0,True,True,Match
GAIL,Mar 2019,7984.0,5701.0,2283.0,2283.0,True,True,Match
GAIL,Mar 2020,8345.0,8299.0,46.0,46.0,True,True,Match
GAIL,Mar 2021,8993.0,4640.0,4353.0,4353.0,True,True,Match
GAIL,Mar 2022,9420.0,5490.0,3930.0,3930.0,True,True,Match
GAIL,Mar 2023,3205.0,7453.0,-4248.0,-4248.0,True,True,Match
GAIL,Mar 2024,12586.0,8226.0,4360.0,4360.0,True,True,Match
GODREJCP,Mar 2013,820.0,865.0,-45.0,-45.0,True,True,Match
GODREJCP,Mar 2014,1116.0,494.0,622.0,622.0,True,True,Match
GODREJCP,Mar 2015,1027.0,1236.0,-209.0,-209.0,True,True,Match
GODREJCP,Mar 2016,847.0,622.0,225.0,225.0,True,True,Match
GODREJCP,Mar 2017,1860.0,2243.0,-383.0,-383.0,True,True,Match
GODREJCP,Mar 2018,1723.0,336.0,1387.0,1387.0,True,True,Match
GODREJCP,Mar 2019,1729.0,274.0,2003.0,1455.0,False,True,Mismatch
GODREJCP,Mar 2020,1588.0,552.0,1036.0,1036.0,True,True,Match
GODREJCP,Mar 2021,2030.0,292.0,1738.0,1738.0,True,True,Match
GODREJCP,Mar 2022,1451.0,844.0,607.0,607.0,True,True,Match
GODREJCP,Mar 2023,2151.0,1754.0,397.0,397.0,True,True,Match
GODREJCP,Mar 2024,2070.0,3435.0,-1365.0,-1365.0,True,True,Match
GRASIM,Mar 2013,4242.0,5687.0,-1445.0,-1445.0,True,True,Match
GRASIM,Mar 2014,3549.0,2336.0,1213.0,1213.0,True,True,Match
GRASIM,Mar 2015,4594.0,2359.0,2235.0,2235.0,True,True,Match
GRASIM,Mar 2016,5868.0,4515.0,1353.0,1353.0,True,True,Match
GRASIM,Mar 2017,7288.0,3509.0,3779.0,3779.0,True,True,Match
GRASIM,Mar 2018,-4140.0,1546.0,-2594.0,-5686.0,False,True,Mismatch
GRASIM,Mar 2019,-1659.0,2212.0,-3871.0,-3871.0,True,True,Match
GRASIM,Mar 2020,16620.0,11364.0,5256.0,5256.0,True,True,Match
GRASIM,Mar 2021,15075.0,7146.0,7929.0,7929.0,True,True,Match
GRASIM,Mar 2022,7038.0,1053.0,5985.0,5985.0,True,True,Match
GRASIM,Mar 2023,-12685.0,13712.0,-26397.0,-26397.0,True,True,Match
GRASIM,Mar 2024,-10719.0,23114.0,-33833.0,-33833.0,True,True,Match
HAL,Mar 2017,-423.0,3021.0,2598.0,-3444.0,False,True,Mismatch
HAL,Mar 2018,-734.0,594.0,-140.0,-1328.0,False,True,Mismatch
HAL,Mar 2019,-7694.0,5292.0,-2402.0,-12986.0,False,True,Mismatch
HAL,Mar 2020,1537.0,1334.0,203.0,203.0,True,True,Match
HAL,Mar 2021,15124.0,1190.0,13934.0,13934.0,True,True,Match
HAL,Mar 2022,10180.0,12789.0,-2609.0,-2609.0,True,True,Match
HAL,Mar 2023,8836.0,5734.0,3102.0,3102.0,True,True,Match
HAL,Mar 2024,8226.0,6412.0,1814.0,1814.0,True,True,Match
HAVELLS,Mar 2013,638.0,144.0,494.0,494.0,True,True,Match
HAVELLS,Mar 2014,868.0,376.0,492.0,492.0,True,True,Match
HAVELLS,Mar 2015,963.0,485.0,478.0,478.0,True,True,Match
HAVELLS,Mar 2016,513.0,121.0,392.0,392.0,True,True,Match
HAVELLS,Mar 2017,767.0,220.0,547.0,547.0,True,True,Match
HAVELLS,Mar 2018,1100.0,946.0,154.0,154.0,True,True,Match
HAVELLS,Mar 2019,501.0,185.0,686.0,316.0,False,True,Mismatch
HAVELLS,Mar 2020,827.0,548.0,279.0,279.0,True,True,Match
HAVELLS,Mar 2021,660.0,763.0,-103.0,-103.0,True,True,Match
HAVELLS,Mar 2022,1728.0,759.0,969.0,969.0,True,True,Match
HAVELLS,Mar 2023,565.0,31.0,596.0,534.0,False,True,Mismatch
HAVELLS,Mar 2024,1953.0,1618.0,335.0,335.0,True,True,Match
HCLTECH,Jun 2013,4492.0,2361.0,2131.0,2131.0,True,True,Match
HCLTECH,Jun 2014,6457.0,4842.0,1615.0,1615.0,True,True,Match
HCLTECH,Jun 2015,5539.0,2088.0,3451.0,3451.0,True,True,Match
HCLTECH,Mar 2017,8995.0,3890.0,5105.0,5105.0,True,True,Match
HCLTECH,Mar 2018,8328.0,2236.0,6092.0,6092.0,True,True,Match
HCLTECH,Mar 2019,8971.0,3256.0,5715.0,5715.0,True,True,Match
HCLTECH,Mar 2020,13359.0,12332.0,1027.0,1027.0,True,True,Match
HCLTECH,Mar 2021,19618.0,5665.0,13953.0,13953.0,True,True,Match
HCLTECH,Mar 2022,16900.0,1597.0,18497.0,15303.0,False,True,Mismatch
HCLTECH,Mar 2023,18009.0,3573.0,14436.0,14436.0,True,True,Match
HCLTECH,Mar 2024,22448.0,6608.0,15840.0,15840.0,True,True,Match
HDFCBANK,Mar 2013,-5847.0,902.0,-6749.0,-6749.0,True,True,Match
HDFCBANK,Mar 2014,4211.0,1099.0,3112.0,3112.0,True,True,Match
HDFCBANK,Mar 2015,-21281.0,800.0,-22081.0,-22081.0,True,True,Match
HDFCBANK,Mar 2016,-34435.0,837.0,-35272.0,-35272.0,True,True,Match
HDFCBANK,Mar 2017,17282.0,1146.0,16136.0,16136.0,True,True,Match
HDFCBANK,Mar 2018,17214.0,842.0,16372.0,16372.0,True,True,Match
HDFCBANK,Mar 2019,-62872.0,1503.0,-64375.0,-64375.0,True,True,Match
HDFCBANK,Mar 2020,-16869.0,1403.0,-18272.0,-18272.0,True,True,Match
HDFCBANK,Mar 2021,42476.0,1823.0,40653.0,40653.0,True,True,Match
HDFCBANK,Mar 2022,-11960.0,2051.0,-14011.0,-14011.0,True,True,Match
HDFCBANK,Mar 2023,20814.0,2992.0,17822.0,17822.0,True,True,Match
HDFCBANK,Mar 2024,19069.0,16600.0,35669.0,2469.0,False,True,Mismatch
HDFCLIFE,Mar 2013,,,,,False,False,Source unavailable
HDFCLIFE,Mar 2014,,,,,False,False,Source unavailable
HDFCLIFE,Mar 2015,4459.0,3514.0,945.0,945.0,True,True,Match
HDFCLIFE,Mar 2016,5687.0,3962.0,1725.0,1725.0,True,True,Match
HDFCLIFE,Mar 2017,6230.0,5177.0,1053.0,1053.0,True,True,Match
HDFCLIFE,Mar 2018,6739.0,4421.0,2318.0,2318.0,True,True,Match
HDFCLIFE,Mar 2019,9868.0,10182.0,-314.0,-314.0,True,True,Match
HDFCLIFE,Mar 2020,7388.0,7789.0,-401.0,-401.0,True,True,Match
HDFCLIFE,Mar 2021,9703.0,8952.0,751.0,751.0,True,True,Match
HDFCLIFE,Mar 2022,5943.0,801.0,5142.0,5142.0,True,True,Match
HDFCLIFE,Mar 2023,6883.0,10071.0,-3188.0,-3188.0,True,True,Match
HDFCLIFE,Mar 2024,10721.0,13614.0,-2893.0,-2893.0,True,True,Match
HEROMOTOCO,Mar 2014,2963.0,1616.0,1347.0,1347.0,True,True,Match
HEROMOTOCO,Mar 2015,2186.0,31.0,2217.0,2155.0,False,True,Mismatch
HEROMOTOCO,Mar 2016,3722.0,2300.0,1422.0,1422.0,True,True,Match
HEROMOTOCO,Mar 2017,4007.0,1972.0,2035.0,2035.0,True,True,Match
HEROMOTOCO,Mar 2018,4017.0,1858.0,2159.0,2159.0,True,True,Match
HEROMOTOCO,Mar 2019,1032.0,1298.0,2330.0,-266.0,False,True,Mismatch
HEROMOTOCO,Mar 2020,5518.0,2819.0,2699.0,2699.0,True,True,Match
HEROMOTOCO,Mar 2021,4110.0,2289.0,1821.0,1821.0,True,True,Match
HEROMOTOCO,Mar 2022,2104.0,222.0,1882.0,1882.0,True,True,Match
HEROMOTOCO,Mar 2023,2614.0,421.0,2193.0,2193.0,True,True,Match
HEROMOTOCO,Mar 2024,4923.0,1828.0,3095.0,3095.0,True,True,Match
HINDALCO,Mar 2013,2977.0,13801.0,-10824.0,-10824.0,True,True,Match
HINDALCO,Mar 2014,7956.0,8095.0,-139.0,-139.0,True,True,Match
HINDALCO,Mar 2015,7143.0,3873.0,3270.0,3270.0,True,True,Match
HINDALCO,Mar 2016,11688.0,3220.0,8468.0,8468.0,True,True,Match
HINDALCO,Mar 2017,12687.0,2876.0,9811.0,9811.0,True,True,Match
HINDALCO,Mar 2018,10898.0,5333.0,16231.0,5565.0,False,True,Mismatch
HINDALCO,Mar 2019,11977.0,5456.0,6521.0,6521.0,True,True,Match
HINDALCO,Mar 2020,12745.0,7227.0,5518.0,5518.0,True,True,Match
HINDALCO,Mar 2021,17232.0,25280.0,-8048.0,-8048.0,True,True,Match
HINDALCO,Mar 2022,16838.0,6773.0,10065.0,10065.0,True,True,Match
HINDALCO,Mar 2023,19208.0,7559.0,11649.0,11649.0,True,True,Match
HINDALCO,Mar 2024,24056.0,14267.0,9789.0,9789.0,True,True,Match
HINDUNILVR,Mar 2013,3605.0,63.0,3668.0,3542.0,False,True,Mismatch
HINDUNILVR,Mar 2014,3818.0,475.0,3343.0,3343.0,True,True,Match
HINDUNILVR,Mar 2015,3292.0,138.0,3430.0,3154.0,False,True,Mismatch
HINDUNILVR,Mar 2016,4171.0,282.0,3889.0,3889.0,True,True,Match
HINDUNILVR,Mar 2017,5185.0,1173.0,4012.0,4012.0,True,True,Match
HINDUNILVR,Mar 2018,6059.0,1063.0,4996.0,4996.0,True,True,Match
HINDUNILVR,Mar 2019,5800.0,438.0,5362.0,5362.0,True,True,Match
HINDUNILVR,Mar 2020,7623.0,1791.0,9414.0,5832.0,False,True,Mismatch
HINDUNILVR,Mar 2021,9163.0,1228.0,7935.0,7935.0,True,True,Match
HINDUNILVR,Mar 2022,9048.0,1728.0,7320.0,7320.0,True,True,Match
HINDUNILVR,Mar 2023,9991.0,1484.0,8507.0,8507.0,True,True,Match
HINDUNILVR,Mar 2024,15469.0,5324.0,10145.0,10145.0,True,True,Match
ICICIBANK,Mar 2013,17494.0,18563.0,-1069.0,-1069.0,True,True,Match
ICICIBANK,Mar 2014,6765.0,15750.0,-8985.0,-8985.0,True,True,Match
ICICIBANK,Mar 2015,-12273.0,13175.0,-25448.0,-25448.0,True,True,Match
ICICIBANK,Mar 2016,23645.0,12060.0,11585.0,11585.0,True,True,Match
ICICIBANK,Mar 2017,52636.0,1711.0,50925.0,50925.0,True,True,Match
ICICIBANK,Mar 2018,19383.0,50551.0,-31168.0,-31168.0,True,True,Match
ICICIBANK,Mar 2019,48671.0,30282.0,18389.0,18389.0,True,True,Match
ICICIBANK,Mar 2020,79565.0,42095.0,37470.0,37470.0,True,True,Match
ICICIBANK,Mar 2021,138015.0,63631.0,74384.0,74384.0,True,True,Match
ICICIBANK,Mar 2022,58111.0,39448.0,18663.0,18663.0,True,True,Match
ICICIBANK,Mar 2023,-3771.0,67689.0,-71460.0,-71460.0,True,True,Match
ICICIBANK,Mar 2024,157284.0,144737.0,12547.0,12547.0,True,True,Match
ICICIGI,Mar 2013,984.0,962.0,22.0,22.0,True,True,Match
ICICIGI,Mar 2014,595.0,706.0,-111.0,-111.0,True,True,Match
ICICIGI,Mar 2015,-98.0,171.0,73.0,-269.0,False,True,Mismatch
ICICIGI,Mar 2016,511.0,310.0,201.0,201.0,True,True,Match
ICICIGI,Mar 2017,1628.0,1990.0,-362.0,-362.0,True,True,Match
ICICIGI,Mar 2018,2390.0,1896.0,494.0,494.0,True,True,Match
ICICIGI,Mar 2019,2976.0,2856.0,120.0,120.0,True,True,Match
ICICIGI,Mar 2020,3433.0,3382.0,51.0,51.0,True,True,Match
ICICIGI,Mar 2021,1774.0,1367.0,407.0,407.0,True,True,Match
ICICIGI,Mar 2022,809.0,135.0,944.0,674.0,False,True,Mismatch
ICICIGI,Mar 2023,2290.0,1685.0,605.0,605.0,True,True,Match
ICICIGI,Mar 2024,2407.0,1921.0,486.0,486.0,True,True,Match
ICICIPRULI,Mar 2013,-2641.0,1564.0,-1077.0,-4205.0,False,True,Mismatch
ICICIPRULI,Mar 2014,-2382.0,6012.0,3630.0,-8394.0,False,True,Mismatch
ICICIPRULI,Mar 2015,523.0,1822.0,-1299.0,-1299.0,True,True,Match
ICICIPRULI,Mar 2016,3634.0,27.0,3661.0,3607.0,False,True,Mismatch
ICICIPRULI,Mar 2017,4130.0,696.0,3434.0,3434.0,True,True,Match
ICICIPRULI,Mar 2018,5690.0,5389.0,301.0,301.0,True,True,Match
ICICIPRULI,Mar 2019,11377.0,7559.0,3818.0,3818.0,True,True,Match
ICICIPRULI,Mar 2020,8596.0,10797.0,-2201.0,-2201.0,True,True,Match
ICICIPRULI,Mar 2021,7314.0,5084.0,2230.0,2230.0,True,True,Match
ICICIPRULI,Mar 2022,1831.0,816.0,1015.0,1015.0,True,True,Match
ICICIPRULI,Mar 2023,89.0,1145.0,-1056.0,-1056.0,True,True,Match
ICICIPRULI,Mar 2024,-7315.0,7420.0,105.0,-14735.0,False,True,Mismatch
INDUSINDBK,Mar 2013,-486.0,174.0,-660.0,-660.0,True,True,Match
INDUSINDBK,Mar 2014,-4106.0,174.0,-4280.0,-4280.0,True,True,Match
INDUSINDBK,Mar 2015,-1421.0,276.0,-1697.0,-1697.0,True,True,Match
INDUSINDBK,Mar 2016,-2927.0,258.0,-3185.0,-3185.0,True,True,Match
INDUSINDBK,Mar 2017,11569.0,285.0,11284.0,11284.0,True,True,Match
INDUSINDBK,Mar 2018,-20700.0,217.0,-20917.0,-20917.0,True,True,Match
INDUSINDBK,Mar 2019,-6389.0,633.0,-7022.0,-7022.0,True,True,Match
INDUSINDBK,Mar 2020,-12039.0,526.0,-11513.0,-12565.0,False,True,Mismatch
INDUSINDBK,Mar 2021,44646.0,226.0,44420.0,44420.0,True,True,Match
INDUSINDBK,Mar 2022,16600.0,351.0,16249.0,16249.0,True,True,Match
INDUSINDBK,Mar 2023,-12438.0,441.0,-12879.0,-12879.0,True,True,Match
INDUSINDBK,Mar 2024,-16843.0,625.0,-17468.0,-17468.0,True,True,Match
INFY,Mar 2013,7373.0,2922.0,4451.0,4451.0,True,True,Match
INFY,Mar 2014,9825.0,2563.0,7262.0,7262.0,True,True,Match
INFY,Mar 2015,8353.0,999.0,9352.0,7354.0,False,True,Mismatch
INFY,Mar 2016,10028.0,885.0,9143.0,9143.0,True,True,Match
INFY,Mar 2017,11531.0,14664.0,-3133.0,-3133.0,True,True,Match
INFY,Mar 2018,13218.0,4533.0,17751.0,8685.0,False,True,Mismatch
INFY,Mar 2019,14841.0,632.0,14209.0,14209.0,True,True,Match
INFY,Mar 2020,17003.0,331.0,16672.0,16672.0,True,True,Match
INFY,Mar 2021,23224.0,7373.0,15851.0,15851.0,True,True,Match
INFY,Mar 2022,23885.0,6485.0,17400.0,17400.0,True,True,Match
INFY,Mar 2023,22467.0,1071.0,21396.0,21396.0,True,True,Match
INFY,Mar 2024,25210.0,5093.0,20117.0,20117.0,True,True,Match
IOC,Mar 2013,9340.0,9294.0,46.0,46.0,True,True,Match
IOC,Mar 2014,24195.0,18594.0,5601.0,5601.0,True,True,Match
IOC,Mar 2015,46092.0,10215.0,35877.0,35877.0,True,True,Match
IOC,Mar 2016,25624.0,13610.0,12014.0,12014.0,True,True,Match
IOC,Mar 2017,28216.0,17684.0,10532.0,10532.0,True,True,Match
IOC,Mar 2018,29115.0,17119.0,11996.0,11996.0,True,True,Match
IOC,Mar 2019,12747.0,22569.0,-9822.0,-9822.0,True,True,Match
IOC,Mar 2020,7146.0,29101.0,-21955.0,-21955.0,True,True,Match
IOC,Mar 2021,49650.0,22935.0,26715.0,26715.0,True,True,Match
IOC,Mar 2022,25747.0,21294.0,4453.0,4453.0,True,True,Match
IOC,Mar 2023,29644.0,28030.0,1614.0,1614.0,True,True,Match
IOC,Mar 2024,71099.0,31464.0,39635.0,39635.0,True,True,Match
IRCTC,Mar 2015,69.0,46.0,23.0,23.0,True,True,Match
IRCTC,Mar 2016,288.0,7.0,295.0,281.0,False,True,Mismatch
IRCTC,Mar 2017,338.0,94.0,432.0,244.0,False,True,Mismatch
IRCTC,Mar 2018,24.0,40.0,64.0,-16.0,False,True,Mismatch
IRCTC,Mar 2019,499.0,353.0,146.0,146.0,True,True,Match
IRCTC,Mar 2020,409.0,8.0,417.0,401.0,False,True,Mismatch
IRCTC,Mar 2021,248.0,453.0,-205.0,-205.0,True,True,Match
IRCTC,Mar 2022,524.0,242.0,282.0,282.0,True,True,Match
IRCTC,Mar 2023,812.0,317.0,495.0,495.0,True,True,Match
IRCTC,Mar 2024,882.0,215.0,667.0,667.0,True,True,Match
IRFC,Mar 2016,-16378.0,2.0,-16376.0,-16380.0,False,True,Mismatch
IRFC,Mar 2017,-19455.0,2.0,-19453.0,-19457.0,False,True,Mismatch
IRFC,Mar 2018,-28076.0,2.0,-28074.0,-28078.0,False,True,Mismatch
IRFC,Mar 2019,-41748.0,1.0,-41747.0,-41749.0,False,True,Mismatch
IRFC,Mar 2020,-62701.0,1.0,-62700.0,-62702.0,False,True,Mismatch
IRFC,Mar 2021,-89907.0,0.0,-89907.0,-89907.0,True,True,Match
IRFC,Mar 2022,-64412.0,5.0,-64417.0,-64417.0,True,True,Match
IRFC,Mar 2023,-28588.0,0.0,-28588.0,-28588.0,True,True,Match
IRFC,Mar 2024,7914.0,8.0,7906.0,7906.0,True,True,Match
ITC,Mar 2013,7102.0,3881.0,3221.0,3221.0,True,True,Match
ITC,Mar 2014,7344.0,3254.0,4090.0,4090.0,True,True,Match
ITC,Mar 2015,9843.0,5275.0,4568.0,4568.0,True,True,Match
ITC,Mar 2016,9799.0,3921.0,5878.0,5878.0,True,True,Match
ITC,Mar 2017,10627.0,3251.0,7376.0,7376.0,True,True,Match
ITC,Mar 2018,13169.0,7114.0,6055.0,6055.0,True,True,Match
ITC,Mar 2019,12583.0,5546.0,7037.0,7037.0,True,True,Match
ITC,Mar 2020,14690.0,6174.0,8516.0,8516.0,True,True,Match
ITC,Mar 2021,12527.0,5740.0,18267.0,6787.0,False,True,Mismatch
ITC,Mar 2022,15776.0,2238.0,13538.0,13538.0,True,True,Match
ITC,Mar 2023,18878.0,5732.0,13146.0,13146.0,True,True,Match
ITC,Mar 2024,17179.0,1563.0,18742.0,15616.0,False,True,Mismatch
JINDALSTEL,Mar 2013,3522.0,9591.0,-6069.0,-6069.0,True,True,Match
JINDALSTEL,Mar 2014,4580.0,12694.0,-8114.0,-8114.0,True,True,Match
JINDALSTEL,Mar 2015,1182.0,6717.0,-5535.0,-5535.0,True,True,Match
JINDALSTEL,Mar 2016,4333.0,2262.0,2071.0,2071.0,True,True,Match
JINDALSTEL,Mar 2017,6850.0,1998.0,4852.0,4852.0,True,True,Match
JINDALSTEL,Mar 2018,7724.0,1431.0,6293.0,6293.0,True,True,Match
JINDALSTEL,Mar 2019,9027.0,832.0,8195.0,8195.0,True,True,Match
JINDALSTEL,Mar 2020,8814.0,1476.0,7338.0,7338.0,True,True,Match
JINDALSTEL,Mar 2021,11961.0,1884.0,10077.0,10077.0,True,True,Match
JINDALSTEL,Mar 2022,16048.0,2331.0,13717.0,13717.0,True,True,Match
JINDALSTEL,Mar 2023,7347.0,4090.0,3257.0,3257.0,True,True,Match
JINDALSTEL,Mar 2024,6008.0,8344.0,-2336.0,-2336.0,True,True,Match
JIOFIN,Mar 2023,2055.0,1110.0,945.0,945.0,True,True,Match
JIOFIN,Mar 2024,-678.0,1441.0,763.0,-2119.0,False,True,Mismatch
JSWENERGY,Mar 2013,1725.0,944.0,781.0,781.0,True,True,Match
JSWENERGY,Mar 2014,2269.0,363.0,1906.0,1906.0,True,True,Match
JSWENERGY,Mar 2015,3394.0,422.0,2972.0,2972.0,True,True,Match
JSWENERGY,Mar 2016,3538.0,3272.0,266.0,266.0,True,True,Match
JSWENERGY,Mar 2017,3853.0,762.0,3091.0,3091.0,True,True,Match
JSWENERGY,Mar 2018,3934.0,215.0,3719.0,3719.0,True,True,Match
JSWENERGY,Mar 2019,2491.0,55.0,2436.0,2436.0,True,True,Match
JSWENERGY,Mar 2020,2082.0,301.0,2383.0,1781.0,False,True,Mismatch
JSWENERGY,Mar 2021,3700.0,1030.0,2670.0,2670.0,True,True,Match
JSWENERGY,Mar 2022,2952.0,1387.0,1565.0,1565.0,True,True,Match
JSWENERGY,Mar 2023,2084.0,6778.0,-4694.0,-4694.0,True,True,Match
JSWENERGY,Mar 2024,6234.0,8197.0,-1963.0,-1963.0,True,True,Match
JSWSTEEL,Mar 2013,5844.0,5433.0,411.0,411.0,True,True,Match
JSWSTEEL,Mar 2014,2594.0,5618.0,-3024.0,-3024.0,True,True,Match
JSWSTEEL,Mar 2015,7876.0,7372.0,504.0,504.0,True,True,Match
JSWSTEEL,Mar 2016,6897.0,3857.0,3040.0,3040.0,True,True,Match
JSWSTEEL,Mar 2017,7888.0,5094.0,2794.0,2794.0,True,True,Match
JSWSTEEL,Mar 2018,12379.0,4529.0,7850.0,7850.0,True,True,Match
JSWSTEEL,Mar 2019,14633.0,11387.0,3246.0,3246.0,True,True,Match
JSWSTEEL,Mar 2020,12785.0,19589.0,-6804.0,-6804.0,True,True,Match
JSWSTEEL,Mar 2021,18789.0,7702.0,11087.0,11087.0,True,True,Match
JSWSTEEL,Mar 2022,26270.0,14748.0,11522.0,11522.0,True,True,Match
JSWSTEEL,Mar 2023,23323.0,10730.0,12593.0,12593.0,True,True,Match
JSWSTEEL,Mar 2024,12078.0,14467.0,-2389.0,-2389.0,True,True,Match
KOTAKBANK,Mar 2013,2878.0,9035.0,-6157.0,-6157.0,True,True,Match
KOTAKBANK,Mar 2014,9068.0,1130.0,7938.0,7938.0,True,True,Match
KOTAKBANK,Mar 2015,2302.0,4467.0,-2165.0,-2165.0,True,True,Match
KOTAKBANK,Mar 2016,5025.0,2353.0,2672.0,2672.0,True,True,Match
KOTAKBANK,Mar 2017,13222.0,5289.0,7933.0,7933.0,True,True,Match
KOTAKBANK,Mar 2018,-10392.0,5475.0,-15867.0,-15867.0,True,True,Match
KOTAKBANK,Mar 2019,1822.0,3323.0,-1501.0,-1501.0,True,True,Match
KOTAKBANK,Mar 2020,46619.0,13068.0,33551.0,33551.0,True,True,Match
KOTAKBANK,Mar 2021,4881.0,11172.0,-6291.0,-6291.0,True,True,Match
KOTAKBANK,Mar 2022,8308.0,10903.0,-2595.0,-2595.0,True,True,Match
KOTAKBANK,Mar 2023,-1242.0,10381.0,-11623.0,-11623.0,True,True,Match
KOTAKBANK,Mar 2024,15685.0,8919.0,6766.0,6766.0,True,True,Match
LICI,Mar 2019,13274.0,9636.0,22910.0,3638.0,False,True,Mismatch
LICI,Mar 2020,54367.0,40415.0,13952.0,13952.0,True,True,Match
LICI,Mar 2021,80602.0,148447.0,229049.0,-67845.0,False,True,Mismatch
LICI,Mar 2022,-3783.0,12531.0,8748.0,-16314.0,False,True,Mismatch
LICI,Mar 2023,54519.0,52848.0,1671.0,1671.0,True,True,Match
LICI,Mar 2024,26122.0,25269.0,853.0,853.0,True,True,Match
LODHA,Mar 2016,387.0,854.0,-467.0,-467.0,True,True,Match
LODHA,Mar 2017,1469.0,1174.0,295.0,295.0,True,True,Match
LODHA,Mar 2018,696.0,651.0,45.0,45.0,True,True,Match
LODHA,Mar 2019,-463.0,175.0,-638.0,-638.0,True,True,Match
LODHA,Mar 2020,3772.0,182.0,3954.0,3590.0,False,True,Mismatch
LODHA,Mar 2021,2524.0,420.0,2944.0,2104.0,False,True,Mismatch
LODHA,Mar 2022,1998.0,1139.0,3137.0,859.0,False,True,Mismatch
LODHA,Mar 2023,2750.0,1789.0,4539.0,961.0,False,True,Mismatch
LODHA,Mar 2024,2512.0,2947.0,-435.0,-435.0,True,True,Match
LT,Mar 2013,-4355.0,6922.0,-11277.0,-11277.0,True,True,Match
LT,Mar 2014,-7143.0,5510.0,-12653.0,-12653.0,True,True,Match
LT,Mar 2015,-1365.0,4778.0,-6143.0,-6143.0,True,True,Match
LT,Mar 2016,-3240.0,4627.0,-7867.0,-7867.0,True,True,Match
LT,Mar 2017,6655.0,9796.0,-3141.0,-3141.0,True,True,Match
LT,Mar 2018,-10031.0,3914.0,-6117.0,-13945.0,False,True,Mismatch
LT,Mar 2019,-4756.0,11023.0,-15779.0,-15779.0,True,True,Match
LT,Mar 2020,6694.0,8408.0,-1714.0,-1714.0,True,True,Match
LT,Mar 2021,23074.0,5750.0,17324.0,17324.0,True,True,Match
LT,Mar 2022,19164.0,3585.0,15579.0,15579.0,True,True,Match
LT,Mar 2023,22777.0,8048.0,14729.0,14729.0,True,True,Match
LT,Mar 2024,18266.0,2179.0,20445.0,16087.0,False,True,Mismatch
LTIM,Mar 2013,608.0,224.0,384.0,384.0,True,True,Match
LTIM,Mar 2014,628.0,180.0,808.0,448.0,False,True,Mismatch
LTIM,Mar 2015,642.0,103.0,539.0,539.0,True,True,Match
LTIM,Mar 2016,858.0,40.0,818.0,818.0,True,True,Match
LTIM,Mar 2017,1170.0,961.0,209.0,209.0,True,True,Match
LTIM,Mar 2018,844.0,452.0,392.0,392.0,True,True,Match
LTIM,Mar 2019,1395.0,749.0,646.0,646.0,True,True,Match
LTIM,Mar 2020,1644.0,643.0,1001.0,1001.0,True,True,Match
LTIM,Mar 2021,2400.0,1657.0,743.0,743.0,True,True,Match
LTIM,Mar 2022,3251.0,1643.0,1608.0,1608.0,True,True,Match
LTIM,Mar 2023,3095.0,271.0,2824.0,2824.0,True,True,Match
LTIM,Mar 2024,5670.0,3918.0,1752.0,1752.0,True,True,Match
M&M,Mar 2013,-922.0,2903.0,-3825.0,-3825.0,True,True,Match
M&M,Mar 2014,-244.0,4524.0,-4768.0,-4768.0,True,True,Match
M&M,Mar 2015,1055.0,4357.0,-3302.0,-3302.0,True,True,Match
M&M,Mar 2016,2385.0,5506.0,-3121.0,-3121.0,True,True,Match
M&M,Mar 2017,183.0,5875.0,-5692.0,-5692.0,True,True,Match
M&M,Mar 2018,682.0,5467.0,-4785.0,-4785.0,True,True,Match
M&M,Mar 2019,-4347.0,7174.0,-11521.0,-11521.0,True,True,Match
M&M,Mar 2020,-1457.0,6870.0,-8327.0,-8327.0,True,True,Match
M&M,Mar 2021,17909.0,19686.0,-1777.0,-1777.0,True,True,Match
M&M,Mar 2022,9248.0,3252.0,5996.0,5996.0,True,True,Match
M&M,Mar 2023,-7074.0,8866.0,-15940.0,-15940.0,True,True,Match
M&M,Mar 2024,-5630.0,5615.0,-11245.0,-11245.0,True,True,Match
MARUTI,Mar 2013,4059.0,3119.0,940.0,940.0,True,True,Match
MARUTI,Mar 2014,4995.0,4997.0,-2.0,-2.0,True,True,Match
MARUTI,Mar 2015,6449.0,4491.0,1958.0,1958.0,True,True,Match
MARUTI,Mar 2016,8482.0,7230.0,1252.0,1252.0,True,True,Match
MARUTI,Mar 2017,10282.0,9173.0,1109.0,1109.0,True,True,Match
MARUTI,Mar 2018,11788.0,8302.0,3486.0,3486.0,True,True,Match
MARUTI,Mar 2019,6601.0,3540.0,3061.0,3061.0,True,True,Match
MARUTI,Mar 2020,3496.0,557.0,2939.0,2939.0,True,True,Match
MARUTI,Mar 2021,8856.0,7291.0,1565.0,1565.0,True,True,Match
MARUTI,Mar 2022,1840.0,239.0,1601.0,1601.0,True,True,Match
MARUTI,Mar 2023,10815.0,8820.0,1995.0,1995.0,True,True,Match
MARUTI,Mar 2024,16801.0,11865.0,4936.0,4936.0,True,True,Match
MOTHERSON,Mar 2013,1486.0,1089.0,397.0,397.0,True,True,Match
MOTHERSON,Mar 2014,2695.0,1372.0,1323.0,1323.0,True,True,Match
MOTHERSON,Mar 2015,3390.0,2844.0,546.0,546.0,True,True,Match
MOTHERSON,Mar 2016,2188.0,1906.0,282.0,282.0,True,True,Match
MOTHERSON,Mar 2017,3800.0,6145.0,-2345.0,-2345.0,True,True,Match
MOTHERSON,Mar 2018,3264.0,3194.0,70.0,70.0,True,True,Match
MOTHERSON,Mar 2019,4312.0,3318.0,994.0,994.0,True,True,Match
MOTHERSON,Mar 2020,6352.0,2220.0,4132.0,4132.0,True,True,Match
MOTHERSON,Mar 2021,5051.0,1886.0,3165.0,3165.0,True,True,Match
MOTHERSON,Mar 2022,2463.0,2304.0,159.0,159.0,True,True,Match
MOTHERSON,Mar 2023,4643.0,2248.0,2395.0,2395.0,True,True,Match
MOTHERSON,Mar 2024,7569.0,6644.0,925.0,925.0,True,True,Match
NAUKRI,Mar 2013,75.0,46.0,29.0,29.0,True,True,Match
NAUKRI,Mar 2014,81.0,204.0,-123.0,-123.0,True,True,Match
NAUKRI,Mar 2015,51.0,1051.0,-1000.0,-1000.0,True,True,Match
NAUKRI,Mar 2016,78.0,2.0,76.0,76.0,True,True,Match
NAUKRI,Mar 2017,213.0,165.0,48.0,48.0,True,True,Match
NAUKRI,Mar 2018,253.0,149.0,104.0,104.0,True,True,Match
NAUKRI,Mar 2019,276.0,59.0,217.0,217.0,True,True,Match
NAUKRI,Mar 2020,350.0,97.0,447.0,253.0,False,True,Mismatch
NAUKRI,Mar 2021,276.0,2043.0,-1767.0,-1767.0,True,True,Match
NAUKRI,Mar 2022,707.0,1177.0,-470.0,-470.0,True,True,Match
NAUKRI,Mar 2023,512.0,358.0,154.0,154.0,True,True,Match
NAUKRI,Mar 2024,702.0,852.0,-150.0,-150.0,True,True,Match
NESTLEIND,Dec 2013,1796.0,441.0,1355.0,1355.0,True,True,Match
NESTLEIND,Dec 2014,1644.0,432.0,1212.0,1212.0,True,True,Match
NESTLEIND,Dec 2015,1098.0,70.0,1028.0,1028.0,True,True,Match
NESTLEIND,Dec 2016,1466.0,126.0,1340.0,1340.0,True,True,Match
NESTLEIND,Dec 2017,1818.0,131.0,1687.0,1687.0,True,True,Match
NESTLEIND,Dec 2018,2052.0,52.0,2000.0,2000.0,True,True,Match
NESTLEIND,Dec 2019,2295.0,83.0,2378.0,2212.0,False,True,Mismatch
NESTLEIND,Dec 2020,2454.0,321.0,2133.0,2133.0,True,True,Match
NESTLEIND,Dec 2021,2236.0,1920.0,316.0,316.0,True,True,Match
NESTLEIND,Dec 2022,2737.0,392.0,2345.0,2345.0,True,True,Match
NESTLEIND,Dec 2023,3392.0,927.0,2465.0,2465.0,True,True,Match
NESTLEIND,Mar 2024,4175.0,1237.0,2938.0,2938.0,True,True,Match
NHPC,Mar 2013,2846.0,1330.0,1516.0,1516.0,True,True,Match
NHPC,Mar 2014,3824.0,1122.0,2702.0,2702.0,True,True,Match
NHPC,Mar 2015,4061.0,768.0,3293.0,3293.0,True,True,Match
NHPC,Mar 2016,5971.0,746.0,5225.0,5225.0,True,True,Match
NHPC,Mar 2017,8329.0,1864.0,6465.0,6465.0,True,True,Match
NHPC,Mar 2018,4696.0,886.0,3810.0,3810.0,True,True,Match
NHPC,Mar 2019,3824.0,1182.0,2642.0,2642.0,True,True,Match
NHPC,Mar 2020,2993.0,2987.0,6.0,6.0,True,True,Match
NHPC,Mar 2021,5070.0,1607.0,3463.0,3463.0,True,True,Match
NHPC,Mar 2022,4590.0,3084.0,1506.0,1506.0,True,True,Match
NHPC,Mar 2023,4705.0,4191.0,514.0,514.0,True,True,Match
NHPC,Mar 2024,6938.0,5968.0,970.0,970.0,True,True,Match
NTPC,Mar 2013,16508.0,16845.0,-337.0,-337.0,True,True,Match
NTPC,Mar 2014,16531.0,15509.0,1022.0,1022.0,True,True,Match
NTPC,Mar 2015,14889.0,15977.0,-1088.0,-1088.0,True,True,Match
NTPC,Mar 2016,24125.0,19162.0,4963.0,4963.0,True,True,Match
NTPC,Mar 2017,20167.0,24480.0,-4313.0,-4313.0,True,True,Match
NTPC,Mar 2018,19670.0,20678.0,-1008.0,-1008.0,True,True,Match
NTPC,Mar 2019,18686.0,24063.0,-5377.0,-5377.0,True,True,Match
NTPC,Mar 2020,23890.0,29628.0,-5738.0,-5738.0,True,True,Match
NTPC,Mar 2021,32444.0,21034.0,11410.0,11410.0,True,True,Match
NTPC,Mar 2022,41788.0,22891.0,18897.0,18897.0,True,True,Match
NTPC,Mar 2023,47152.0,26145.0,21007.0,21007.0,True,True,Match
NTPC,Mar 2024,40785.0,32141.0,8644.0,8644.0,True,True,Match
ONGC,Mar 2013,39874.0,41220.0,-1346.0,-1346.0,True,True,Match
ONGC,Mar 2014,53270.0,63633.0,-10363.0,-10363.0,True,True,Match
ONGC,Mar 2015,33950.0,30058.0,3892.0,3892.0,True,True,Match
ONGC,Mar 2016,46292.0,38256.0,8036.0,8036.0,True,True,Match
ONGC,Mar 2017,45780.0,43815.0,1965.0,1965.0,True,True,Match
ONGC,Mar 2018,56792.0,66798.0,-10006.0,-10006.0,True,True,Match
ONGC,Mar 2019,61458.0,37132.0,24326.0,24326.0,True,True,Match
ONGC,Mar 2020,70593.0,53159.0,17434.0,17434.0,True,True,Match
ONGC,Mar 2021,47185.0,39141.0,8044.0,8044.0,True,True,Match
ONGC,Mar 2022,78248.0,41197.0,37051.0,37051.0,True,True,Match
ONGC,Mar 2023,86062.0,74690.0,11372.0,11372.0,True,True,Match
ONGC,Mar 2024,99263.0,57203.0,42060.0,42060.0,True,True,Match
PFC,Mar 2013,-25102.0,22.0,-25080.0,-25124.0,False,True,Mismatch
PFC,Mar 2014,-22473.0,9.0,-22464.0,-22482.0,False,True,Mismatch
PFC,Mar 2015,-21455.0,491.0,-21946.0,-21946.0,True,True,Match
PFC,Mar 2016,-13298.0,1973.0,-15271.0,-15271.0,True,True,Match
PFC,Mar 2017,1795.0,667.0,1128.0,1128.0,True,True,Match
PFC,Mar 2018,-57148.0,1409.0,-55739.0,-58557.0,False,True,Mismatch
PFC,Mar 2019,-80252.0,13463.0,-93715.0,-93715.0,True,True,Match
PFC,Mar 2020,-42148.0,73.0,-42221.0,-42221.0,True,True,Match
PFC,Mar 2021,-59143.0,1741.0,-57402.0,-60884.0,False,True,Mismatch
PFC,Mar 2022,4904.0,547.0,4357.0,4357.0,True,True,Match
PFC,Mar 2023,-74717.0,1694.0,-76411.0,-76411.0,True,True,Match
PFC,Mar 2024,-97820.0,3409.0,-101229.0,-101229.0,True,True,Match
PIDILITIND,Mar 2013,472.0,144.0,328.0,328.0,True,True,Match
PIDILITIND,Mar 2014,394.0,99.0,295.0,295.0,True,True,Match
PIDILITIND,Mar 2015,552.0,436.0,116.0,116.0,True,True,Match
PIDILITIND,Mar 2016,907.0,491.0,416.0,416.0,True,True,Match
PIDILITIND,Mar 2017,794.0,879.0,-85.0,-85.0,True,True,Match
PIDILITIND,Mar 2018,796.0,39.0,835.0,757.0,False,True,Mismatch
PIDILITIND,Mar 2019,845.0,513.0,332.0,332.0,True,True,Match
PIDILITIND,Mar 2020,1280.0,103.0,1383.0,1177.0,False,True,Mismatch
PIDILITIND,Mar 2021,1392.0,1688.0,-296.0,-296.0,True,True,Match
PIDILITIND,Mar 2022,955.0,558.0,397.0,397.0,True,True,Match
PIDILITIND,Mar 2023,1558.0,899.0,659.0,659.0,True,True,Match
PIDILITIND,Mar 2024,2724.0,1769.0,955.0,955.0,True,True,Match
PNB,Mar 2013,-692.0,600.0,-1292.0,-1292.0,True,True,Match
PNB,Mar 2014,16906.0,302.0,16604.0,16604.0,True,True,Match
PNB,Mar 2015,4814.0,872.0,3942.0,3942.0,True,True,Match
PNB,Mar 2016,14167.0,1352.0,12815.0,12815.0,True,True,Match
PNB,Mar 2017,21938.0,159.0,22097.0,21779.0,False,True,Mismatch
PNB,Mar 2018,-1742.0,392.0,-1350.0,-2134.0,False,True,Mismatch
PNB,Mar 2019,-33532.0,629.0,-34161.0,-34161.0,True,True,Match
PNB,Mar 2020,-12793.0,338.0,-13131.0,-13131.0,True,True,Match
PNB,Mar 2021,30950.0,787.0,30163.0,30163.0,True,True,Match
PNB,Mar 2022,20032.0,1204.0,18828.0,18828.0,True,True,Match
PNB,Mar 2023,22592.0,732.0,21860.0,21860.0,True,True,Match
PNB,Mar 2024,-27939.0,1506.0,-29445.0,-29445.0,True,True,Match
POWERGRID,Mar 2013,11690.0,22084.0,-10394.0,-10394.0,True,True,Match
POWERGRID,Mar 2014,15223.0,26639.0,-11416.0,-11416.0,True,True,Match
POWERGRID,Mar 2015,15800.0,24185.0,-8385.0,-8385.0,True,True,Match
POWERGRID,Mar 2016,15008.0,21576.0,-6568.0,-6568.0,True,True,Match
POWERGRID,Mar 2017,21575.0,23836.0,-2261.0,-2261.0,True,True,Match
POWERGRID,Mar 2018,22710.0,25701.0,-2991.0,-2991.0,True,True,Match
POWERGRID,Mar 2019,23271.0,18727.0,4544.0,4544.0,True,True,Match
POWERGRID,Mar 2020,30739.0,10733.0,20006.0,20006.0,True,True,Match
POWERGRID,Mar 2021,29403.0,9244.0,20159.0,20159.0,True,True,Match
POWERGRID,Mar 2022,26124.0,753.0,26877.0,25371.0,False,True,Mismatch
POWERGRID,Mar 2023,40203.0,7138.0,33065.0,33065.0,True,True,Match
POWERGRID,Mar 2024,37290.0,13114.0,24176.0,24176.0,True,True,Match
RECLTD,Mar 2013,-20059.0,152.0,-19907.0,-20211.0,False,True,Mismatch
RECLTD,Mar 2014,-17244.0,136.0,-17108.0,-17380.0,False,True,Mismatch
RECLTD,Mar 2015,-23898.0,151.0,-23747.0,-24049.0,False,True,Mismatch
RECLTD,Mar 2016,-13278.0,756.0,-14034.0,-14034.0,True,True,Match
RECLTD,Mar 2017,6805.0,101.0,6704.0,6704.0,True,True,Match
RECLTD,Mar 2018,-32510.0,46.0,-32464.0,-32556.0,False,True,Mismatch
RECLTD,Mar 2019,-35866.0,457.0,-35409.0,-36323.0,False,True,Mismatch
RECLTD,Mar 2020,-32712.0,121.0,-32591.0,-32833.0,False,True,Mismatch
RECLTD,Mar 2021,-43512.0,861.0,-42651.0,-44373.0,False,True,Mismatch
RECLTD,Mar 2022,-819.0,287.0,-1106.0,-1106.0,True,True,Match
RECLTD,Mar 2023,-37360.0,943.0,-38303.0,-38303.0,True,True,Match
RECLTD,Mar 2024,-57723.0,1831.0,-59554.0,-59554.0,True,True,Match
RELIANCE,Mar 2013,36918.0,27601.0,9317.0,9317.0,True,True,Match
RELIANCE,Mar 2014,43261.0,73070.0,-29809.0,-29809.0,True,True,Match
RELIANCE,Mar 2015,34374.0,64706.0,-30332.0,-30332.0,True,True,Match
RELIANCE,Mar 2016,38134.0,36186.0,1948.0,1948.0,True,True,Match
RELIANCE,Mar 2017,49550.0,66201.0,-16651.0,-16651.0,True,True,Match
RELIANCE,Mar 2018,71459.0,68192.0,3267.0,3267.0,True,True,Match
RELIANCE,Mar 2019,42346.0,94507.0,-52161.0,-52161.0,True,True,Match
RELIANCE,Mar 2020,94877.0,72497.0,22380.0,22380.0,True,True,Match
RELIANCE,Mar 2021,26958.0,142385.0,-115427.0,-115427.0,True,True,Match
RELIANCE,Mar 2022,110654.0,109162.0,1492.0,1492.0,True,True,Match
RELIANCE,Mar 2023,115032.0,93001.0,22031.0,22031.0,True,True,Match
RELIANCE,Mar 2024,158788.0,113581.0,45207.0,45207.0,True,True,Match
SBILIFE,Mar 2013,1130.0,227.0,903.0,903.0,True,True,Match
SBILIFE,Mar 2014,166.0,708.0,-542.0,-542.0,True,True,Match
SBILIFE,Mar 2015,2711.0,178.0,2533.0,2533.0,True,True,Match
SBILIFE,Mar 2016,5778.0,7204.0,-1426.0,-1426.0,True,True,Match
SBILIFE,Mar 2017,8525.0,9032.0,-507.0,-507.0,True,True,Match
SBILIFE,Mar 2018,10395.0,8910.0,1485.0,1485.0,True,True,Match
SBILIFE,Mar 2019,13473.0,13552.0,-79.0,-79.0,True,True,Match
SBILIFE,Mar 2020,19299.0,16986.0,2313.0,2313.0,True,True,Match
SBILIFE,Mar 2021,23878.0,19203.0,4675.0,4675.0,True,True,Match
SBILIFE,Mar 2022,21852.0,21611.0,241.0,241.0,True,True,Match
SBILIFE,Mar 2023,28656.0,30203.0,-1547.0,-1547.0,True,True,Match
SBILIFE,Mar 2024,29122.0,31221.0,-2099.0,-2099.0,True,True,Match
SHREECEM,Jun 2013,1260.0,270.0,990.0,990.0,True,True,Match
SHREECEM,Jun 2014,1401.0,1234.0,167.0,167.0,True,True,Match
SHREECEM,Jun 2015,1239.0,990.0,249.0,249.0,True,True,Match
SHREECEM,Mar 2017,2202.0,2048.0,154.0,154.0,True,True,Match
SHREECEM,Mar 2018,1879.0,3595.0,-1716.0,-1716.0,True,True,Match
SHREECEM,Mar 2019,2080.0,720.0,1360.0,1360.0,True,True,Match
SHREECEM,Mar 2020,3973.0,5590.0,-1617.0,-1617.0,True,True,Match
SHREECEM,Mar 2021,4254.0,2651.0,1603.0,1603.0,True,True,Match
SHREECEM,Mar 2022,2668.0,2143.0,525.0,525.0,True,True,Match
SHREECEM,Mar 2023,2569.0,2405.0,164.0,164.0,True,True,Match
SHREECEM,Mar 2024,3347.0,1418.0,1929.0,1929.0,True,True,Match
SHRIRAMFIN,Mar 2013,-8359.0,41.0,-8400.0,-8400.0,True,True,Match
SHRIRAMFIN,Mar 2014,-4055.0,112.0,-4167.0,-4167.0,True,True,Match
SHRIRAMFIN,Mar 2015,-9611.0,45.0,-9656.0,-9656.0,True,True,Match
SHRIRAMFIN,Mar 2016,-5507.0,36.0,-5543.0,-5543.0,True,True,Match
SHRIRAMFIN,Mar 2017,-2677.0,2.0,-2679.0,-2679.0,True,True,Match
SHRIRAMFIN,Mar 2018,-13142.0,86.0,-13056.0,-13228.0,False,True,Mismatch
SHRIRAMFIN,Mar 2019,-5535.0,76.0,-5611.0,-5611.0,True,True,Match
SHRIRAMFIN,Mar 2020,-2464.0,55.0,-2519.0,-2519.0,True,True,Match
SHRIRAMFIN,Mar 2021,-4239.0,25.0,-4264.0,-4264.0,True,True,Match
SHRIRAMFIN,Mar 2022,-8859.0,34.0,-8893.0,-8893.0,True,True,Match
SHRIRAMFIN,Mar 2023,-17625.0,5076.0,-12549.0,-22701.0,False,True,Mismatch
SHRIRAMFIN,Mar 2024,-31101.0,258.0,-31359.0,-31359.0,True,True,Match
SIEMENS,Sep 2011,3.0,264.0,267.0,-261.0,False,True,Mismatch
SIEMENS,Sep 2014,608.0,130.0,738.0,478.0,False,True,Mismatch
SIEMENS,Sep 2015,574.0,646.0,1220.0,-72.0,False,True,Mismatch
SIEMENS,Sep 2016,513.0,237.0,750.0,276.0,False,True,Mismatch
SIEMENS,Sep 2017,573.0,1321.0,1894.0,-748.0,False,True,Mismatch
SIEMENS,Sep 2018,100.0,174.0,-74.0,-74.0,True,True,Match
SIEMENS,Sep 2019,1273.0,1135.0,138.0,138.0,True,True,Match
SIEMENS,Sep 2020,720.0,871.0,1591.0,-151.0,False,True,Mismatch
SIEMENS,Sep 2021,1422.0,2389.0,-967.0,-967.0,True,True,Match
SIEMENS,Sep 2022,978.0,34.0,944.0,944.0,True,True,Match
SIEMENS,Sep 2023,1400.0,759.0,641.0,641.0,True,True,Match
SIEMENS,Sep 2024,1670.0,502.0,1168.0,1168.0,True,True,Match
SUNPHARMA,Mar 2013,3357.0,2375.0,982.0,982.0,True,True,Match
SUNPHARMA,Mar 2014,3959.0,2176.0,1783.0,1783.0,True,True,Match
SUNPHARMA,Mar 2015,5616.0,1502.0,4114.0,4114.0,True,True,Match
SUNPHARMA,Mar 2016,6686.0,3949.0,2737.0,2737.0,True,True,Match
SUNPHARMA,Mar 2017,7082.0,4186.0,2896.0,2896.0,True,True,Match
SUNPHARMA,Mar 2018,3907.0,3104.0,803.0,803.0,True,True,Match
SUNPHARMA,Mar 2019,2196.0,310.0,1886.0,1886.0,True,True,Match
SUNPHARMA,Mar 2020,6555.0,2225.0,4330.0,4330.0,True,True,Match
SUNPHARMA,Mar 2021,6170.0,407.0,6577.0,5763.0,False,True,Mismatch
SUNPHARMA,Mar 2022,8985.0,5556.0,3429.0,3429.0,True,True,Match
SUNPHARMA,Mar 2023,4959.0,7220.0,-2261.0,-2261.0,True,True,Match
SUNPHARMA,Mar 2024,12135.0,763.0,11372.0,11372.0,True,True,Match
TATACONSUM,Mar 2013,173.0,24.0,197.0,149.0,False,True,Mismatch
TATACONSUM,Mar 2014,422.0,1.0,421.0,421.0,True,True,Match
TATACONSUM,Mar 2015,418.0,207.0,211.0,211.0,True,True,Match
TATACONSUM,Mar 2016,116.0,145.0,261.0,-29.0,False,True,Mismatch
TATACONSUM,Mar 2017,741.0,145.0,886.0,596.0,False,True,Mismatch
TATACONSUM,Mar 2018,356.0,31.0,325.0,325.0,True,True,Match
TATACONSUM,Mar 2019,210.0,53.0,263.0,157.0,False,True,Mismatch
TATACONSUM,Mar 2020,1082.0,622.0,460.0,460.0,True,True,Match
TATACONSUM,Mar 2021,1656.0,346.0,1310.0,1310.0,True,True,Match
TATACONSUM,Mar 2022,1516.0,1317.0,199.0,199.0,True,True,Match
TATACONSUM,Mar 2023,1461.0,834.0,627.0,627.0,True,True,Match
TATACONSUM,Mar 2024,1937.0,1911.0,26.0,26.0,True,True,Match
TATAMOTORS,Mar 2013,22163.0,22969.0,-806.0,-806.0,True,True,Match
TATAMOTORS,Mar 2014,36151.0,27991.0,8160.0,8160.0,True,True,Match
TATAMOTORS,Mar 2015,35531.0,36232.0,-701.0,-701.0,True,True,Match
TATAMOTORS,Mar 2016,37900.0,36694.0,1206.0,1206.0,True,True,Match
TATAMOTORS,Mar 2017,30199.0,39571.0,-9372.0,-9372.0,True,True,Match
TATAMOTORS,Mar 2018,23857.0,25139.0,-1282.0,-1282.0,True,True,Match
TATAMOTORS,Mar 2019,18891.0,20878.0,-1987.0,-1987.0,True,True,Match
TATAMOTORS,Mar 2020,26633.0,33115.0,-6482.0,-6482.0,True,True,Match
TATAMOTORS,Mar 2021,29001.0,25672.0,3329.0,3329.0,True,True,Match
TATAMOTORS,Mar 2022,14283.0,4444.0,9839.0,9839.0,True,True,Match
TATAMOTORS,Mar 2023,35388.0,15417.0,19971.0,19971.0,True,True,Match
TATAMOTORS,Mar 2024,67915.0,22782.0,45133.0,45133.0,True,True,Match
TATAPOWER,Mar 2013,3286.0,4026.0,-740.0,-740.0,True,True,Match
TATAPOWER,Mar 2014,6483.0,3609.0,2874.0,2874.0,True,True,Match
TATAPOWER,Mar 2015,5981.0,3865.0,2116.0,2116.0,True,True,Match
TATAPOWER,Mar 2016,7415.0,1805.0,5610.0,5610.0,True,True,Match
TATAPOWER,Mar 2017,7014.0,7373.0,-359.0,-359.0,True,True,Match
TATAPOWER,Mar 2018,6364.0,1512.0,4852.0,4852.0,True,True,Match
TATAPOWER,Mar 2019,4574.0,272.0,4302.0,4302.0,True,True,Match
TATAPOWER,Mar 2020,7375.0,493.0,6882.0,6882.0,True,True,Match
TATAPOWER,Mar 2021,8345.0,993.0,9338.0,7352.0,False,True,Mismatch
TATAPOWER,Mar 2022,6693.0,6250.0,443.0,443.0,True,True,Match
TATAPOWER,Mar 2023,7166.0,7263.0,-97.0,-97.0,True,True,Match
TATAPOWER,Mar 2024,12596.0,9027.0,3569.0,3569.0,True,True,Match
TATASTEEL,Mar 2013,14035.0,13099.0,936.0,936.0,True,True,Match
TATASTEEL,Mar 2014,13146.0,15378.0,-2232.0,-2232.0,True,True,Match
TATASTEEL,Mar 2015,11880.0,9021.0,2859.0,2859.0,True,True,Match
TATASTEEL,Mar 2016,11455.0,8794.0,2661.0,2661.0,True,True,Match
TATASTEEL,Mar 2017,10824.0,9490.0,1334.0,1334.0,True,True,Match
TATASTEEL,Mar 2018,8023.0,11730.0,-3707.0,-3707.0,True,True,Match
TATASTEEL,Mar 2019,25336.0,29176.0,-3840.0,-3840.0,True,True,Match
TATASTEEL,Mar 2020,20169.0,14012.0,6157.0,6157.0,True,True,Match
TATASTEEL,Mar 2021,44327.0,9437.0,34890.0,34890.0,True,True,Match
TATASTEEL,Mar 2022,44381.0,10905.0,33476.0,33476.0,True,True,Match
TATASTEEL,Mar 2023,21683.0,18179.0,3504.0,3504.0,True,True,Match
TATASTEEL,Mar 2024,20301.0,14253.0,6048.0,6048.0,True,True,Match
TCS,Mar 2013,11615.0,6038.0,5577.0,5577.0,True,True,Match
TCS,Mar 2014,14751.0,9452.0,5299.0,5299.0,True,True,Match
TCS,Mar 2015,19369.0,1807.0,17562.0,17562.0,True,True,Match
TCS,Mar 2016,19109.0,5010.0,14099.0,14099.0,True,True,Match
TCS,Mar 2017,25223.0,16895.0,8328.0,8328.0,True,True,Match
TCS,Mar 2018,25067.0,3104.0,28171.0,21963.0,False,True,Mismatch
TCS,Mar 2019,28593.0,1645.0,30238.0,26948.0,False,True,Mismatch
TCS,Mar 2020,32369.0,8968.0,41337.0,23401.0,False,True,Mismatch
TCS,Mar 2021,38802.0,7956.0,30846.0,30846.0,True,True,Match
TCS,Mar 2022,39949.0,738.0,39211.0,39211.0,True,True,Match
TCS,Mar 2023,41965.0,548.0,42513.0,41417.0,False,True,Mismatch
TCS,Mar 2024,44338.0,6091.0,50429.0,38247.0,False,True,Mismatch
TECHM,Mar 2013,855.0,622.0,233.0,233.0,True,True,Match
TECHM,Mar 2014,1596.0,291.0,1887.0,1305.0,False,True,Mismatch
TECHM,Mar 2015,2448.0,1865.0,583.0,583.0,True,True,Match
TECHM,Mar 2016,3137.0,1453.0,1684.0,1684.0,True,True,Match
TECHM,Mar 2017,4071.0,2893.0,1178.0,1178.0,True,True,Match
TECHM,Mar 2018,3554.0,3319.0,235.0,235.0,True,True,Match
TECHM,Mar 2019,4432.0,2104.0,2328.0,2328.0,True,True,Match
TECHM,Mar 2020,4358.0,1081.0,5439.0,3277.0,False,True,Mismatch
TECHM,Mar 2021,8094.0,5433.0,2661.0,2661.0,True,True,Match
TECHM,Mar 2022,5285.0,480.0,5765.0,4805.0,False,True,Mismatch
TECHM,Mar 2023,5572.0,226.0,5346.0,5346.0,True,True,Match
TECHM,Mar 2024,6376.0,1318.0,5058.0,5058.0,True,True,Match
TITAN,Mar 2013,553.0,142.0,411.0,411.0,True,True,Match
TITAN,Mar 2014,-555.0,271.0,-826.0,-826.0,True,True,Match
TITAN,Mar 2015,503.0,118.0,385.0,385.0,True,True,Match
TITAN,Mar 2016,576.0,159.0,417.0,417.0,True,True,Match
TITAN,Mar 2017,1712.0,953.0,759.0,759.0,True,True,Match
TITAN,Mar 2018,-51.0,98.0,47.0,-149.0,False,True,Mismatch
TITAN,Mar 2019,1243.0,797.0,446.0,446.0,True,True,Match
TITAN,Mar 2020,-348.0,235.0,-113.0,-583.0,False,True,Mismatch
TITAN,Mar 2021,4139.0,2799.0,1340.0,1340.0,True,True,Match
TITAN,Mar 2022,-724.0,1165.0,441.0,-1889.0,False,True,Mismatch
TITAN,Mar 2023,1370.0,1814.0,-444.0,-444.0,True,True,Match
TITAN,Mar 2024,1695.0,189.0,1506.0,1506.0,True,True,Match
TORNTPHARM,Mar 2013,153.0,247.0,-94.0,-94.0,True,True,Match
TORNTPHARM,Mar 2014,599.0,418.0,181.0,181.0,True,True,Match
TORNTPHARM,Mar 2015,810.0,2113.0,-1303.0,-1303.0,True,True,Match
TORNTPHARM,Mar 2016,2742.0,869.0,1873.0,1873.0,True,True,Match
TORNTPHARM,Mar 2017,1009.0,798.0,211.0,211.0,True,True,Match
TORNTPHARM,Mar 2018,894.0,4677.0,-3783.0,-3783.0,True,True,Match
TORNTPHARM,Mar 2019,1798.0,246.0,1552.0,1552.0,True,True,Match
TORNTPHARM,Mar 2020,1393.0,229.0,1622.0,1164.0,False,True,Mismatch
TORNTPHARM,Mar 2021,2005.0,444.0,1561.0,1561.0,True,True,Match
TORNTPHARM,Mar 2022,1803.0,196.0,1607.0,1607.0,True,True,Match
TORNTPHARM,Mar 2023,2368.0,2335.0,33.0,33.0,True,True,Match
TORNTPHARM,Mar 2024,3266.0,160.0,3106.0,3106.0,True,True,Match
TRENT,Mar 2013,31.0,276.0,-245.0,-245.0,True,True,Match
TRENT,Mar 2014,-46.0,48.0,-94.0,-94.0,True,True,Match
TRENT,Mar 2015,-10.0,306.0,-316.0,-316.0,True,True,Match
TRENT,Mar 2016,109.0,98.0,11.0,11.0,True,True,Match
TRENT,Mar 2017,102.0,44.0,58.0,58.0,True,True,Match
TRENT,Mar 2018,77.0,4.0,73.0,73.0,True,True,Match
TRENT,Mar 2019,21.0,37.0,-16.0,-16.0,True,True,Match
TRENT,Mar 2020,361.0,809.0,-448.0,-448.0,True,True,Match
TRENT,Mar 2021,285.0,18.0,303.0,267.0,False,True,Mismatch
TRENT,Mar 2022,58.0,56.0,114.0,2.0,False,True,Mismatch
TRENT,Mar 2023,595.0,103.0,492.0,492.0,True,True,Match
TRENT,Mar 2024,1349.0,508.0,841.0,841.0,True,True,Match
TVSMOTOR,Mar 2013,464.0,120.0,344.0,344.0,True,True,Match
TVSMOTOR,Mar 2014,470.0,235.0,235.0,235.0,True,True,Match
TVSMOTOR,Mar 2015,83.0,415.0,-332.0,-332.0,True,True,Match
TVSMOTOR,Mar 2016,936.0,605.0,331.0,331.0,True,True,Match
TVSMOTOR,Mar 2017,689.0,709.0,-20.0,-20.0,True,True,Match
TVSMOTOR,Mar 2018,354.0,1095.0,-741.0,-741.0,True,True,Match
TVSMOTOR,Mar 2019,-918.0,1104.0,-2022.0,-2022.0,True,True,Match
TVSMOTOR,Mar 2020,373.0,1090.0,-717.0,-717.0,True,True,Match
TVSMOTOR,Mar 2021,1151.0,882.0,269.0,269.0,True,True,Match
TVSMOTOR,Mar 2022,-1575.0,1471.0,-3046.0,-3046.0,True,True,Match
TVSMOTOR,Mar 2023,-4405.0,1308.0,-5713.0,-5713.0,True,True,Match
TVSMOTOR,Mar 2024,-1253.0,1001.0,-2254.0,-2254.0,True,True,Match
ULTRACEMCO,Mar 2013,3618.0,4362.0,-744.0,-744.0,True,True,Match
ULTRACEMCO,Mar 2014,3455.0,2342.0,1113.0,1113.0,True,True,Match
ULTRACEMCO,Mar 2015,4190.0,2144.0,2046.0,2046.0,True,True,Match
ULTRACEMCO,Mar 2016,4526.0,3673.0,853.0,853.0,True,True,Match
ULTRACEMCO,Mar 2017,5005.0,2501.0,2504.0,2504.0,True,True,Match
ULTRACEMCO,Mar 2018,3888.0,1866.0,5754.0,2022.0,False,True,Mismatch
ULTRACEMCO,Mar 2019,5956.0,1165.0,7121.0,4791.0,False,True,Mismatch
ULTRACEMCO,Mar 2020,8972.0,4192.0,4780.0,4780.0,True,True,Match
ULTRACEMCO,Mar 2021,12500.0,8856.0,3644.0,3644.0,True,True,Match
ULTRACEMCO,Mar 2022,9283.0,2257.0,11540.0,7026.0,False,True,Mismatch
ULTRACEMCO,Mar 2023,9069.0,7188.0,1881.0,1881.0,True,True,Match
ULTRACEMCO,Mar 2024,10898.0,8789.0,2109.0,2109.0,True,True,Match
UNIONBANK,Mar 2013,-4245.0,343.0,-4588.0,-4588.0,True,True,Match
UNIONBANK,Mar 2014,2570.0,363.0,2207.0,2207.0,True,True,Match
UNIONBANK,Mar 2015,-3567.0,318.0,-3885.0,-3885.0,True,True,Match
UNIONBANK,Mar 2016,81.0,9.0,72.0,72.0,True,True,Match
UNIONBANK,Mar 2017,-6624.0,280.0,-6904.0,-6904.0,True,True,Match
UNIONBANK,Mar 2018,6097.0,315.0,5782.0,5782.0,True,True,Match
UNIONBANK,Mar 2019,-7778.0,297.0,-8075.0,-8075.0,True,True,Match
UNIONBANK,Mar 2020,-77.0,4.0,-81.0,-81.0,True,True,Match
UNIONBANK,Mar 2021,20527.0,601.0,19926.0,19926.0,True,True,Match
UNIONBANK,Mar 2022,36339.0,558.0,35781.0,35781.0,True,True,Match
UNIONBANK,Mar 2023,6056.0,2561.0,3495.0,3495.0,True,True,Match
UNIONBANK,Mar 2024,19930.0,1394.0,18536.0,18536.0,True,True,Match
INDIGO,Mar 2013,1741.0,1890.0,-149.0,-149.0,True,True,Match
INDIGO,Mar 2014,1595.0,2914.0,-1319.0,-1319.0,True,True,Match
INDIGO,Mar 2015,2384.0,940.0,1444.0,1444.0,True,True,Match
INDIGO,Mar 2016,3116.0,1337.0,1779.0,1779.0,True,True,Match
INDIGO,Mar 2017,3782.0,3033.0,749.0,749.0,True,True,Match
INDIGO,Mar 2018,3903.0,4152.0,-249.0,-249.0,True,True,Match
INDIGO,Mar 2019,3160.0,2526.0,634.0,634.0,True,True,Match
INDIGO,Mar 2020,6943.0,4573.0,2370.0,2370.0,True,True,Match
INDIGO,Mar 2021,-1620.0,3228.0,1608.0,-4848.0,False,True,Mismatch
INDIGO,Mar 2022,2064.0,1527.0,3591.0,537.0,False,True,Mismatch
INDIGO,Mar 2023,12703.0,4039.0,8664.0,8664.0,True,True,Match
INDIGO,Mar 2024,21183.0,11759.0,9424.0,9424.0,True,True,Match
