company_id,year,operating_profit,interest,interest_coverage,interest_coverage_calculated,interest_coverage_match,source_available,validation_status
ABB,Dec 2012,202.0,0,,,False,False,Source unavailable
ABB,Mar 2014,267.0,0,,,False,False,Source unavailable
ABB,Mar 2015,312.0,0,,,False,False,Source unavailable
ABB,Mar 2016,365.0,3,138.3333,121.67,False,True,Mismatch
ABB,Mar 2017,398.0,2,227.5,199.0,False,True,Mismatch
ABB,Mar 2018,525.0,4,160.5,131.25,False,True,Mismatch
ABB,Mar 2019,605.0,2,359.0,302.5,False,True,Mismatch
ABB,Mar 2020,757.0,9,96.7778,84.11,False,True,Mismatch
ABB,Mar 2021,922.0,18,55.7222,51.22,False,True,Mismatch
ABB,Mar 2022,1082.0,19,61.3158,56.95,False,True,Mismatch
ABB,Mar 2023,1206.0,16,85.0,75.38,False,True,Mismatch
ABB,Mar 2024,1453.0,12,141.75,121.08,False,True,Mismatch
ABB,TTM,1547.0,11,,140.64,False,False,Source unavailable
ADANIENSOL,Mar 2014,0.0,0,,,False,False,Source unavailable
ADANIENSOL,Mar 2015,101.0,73,1.4247,1.38,False,True,Mismatch
ADANIENSOL,Mar 2016,1927.0,957,2.0867,2.01,False,True,Mismatch
ADANIENSOL,Mar 2017,1983.0,904,2.2179,2.19,False,True,Mismatch
ADANIENSOL,Mar 2018,2826.0,886,3.3149,3.19,False,True,Mismatch
ADANIENSOL,Mar 2019,2778.0,1391,2.2387,2.0,False,True,Mismatch
ADANIENSOL,Mar 2020,4258.0,2238,2.0192,1.9,False,True,Mismatch
ADANIENSOL,Mar 2021,3950.0,2117,2.3925,1.87,False,True,Mismatch
ADANIENSOL,Mar 2022,4206.0,2365,2.3222,1.78,False,True,Mismatch
ADANIENSOL,Mar 2023,4518.0,2781,2.1938,1.62,False,True,Mismatch
ADANIENSOL,Mar 2024,5711.0,2767,2.2848,2.06,False,True,Mismatch
ADANIENSOL,TTM,6592.0,3183,,2.07,False,False,Source unavailable
ADANIENT,Mar 2013,6021.0,3492,2.2325,1.72,False,True,Mismatch
ADANIENT,Mar 2014,9383.0,5703,1.8482,1.65,False,True,Mismatch
ADANIENT,Mar 2015,12450.0,7056,1.8767,1.76,False,True,Mismatch
ADANIENT,Mar 2016,1684.0,1357,2.0103,1.24,False,True,Mismatch
ADANIENT,Mar 2017,1902.0,1257,2.109,1.51,False,True,Mismatch
ADANIENT,Mar 2018,2038.0,1250,1.9208,1.63,False,True,Mismatch
ADANIENT,Mar 2019,1969.0,1625,1.5218,1.21,False,True,Mismatch
ADANIENT,Mar 2020,2294.0,1572,2.014,1.46,False,True,Mismatch
ADANIENT,Mar 2021,2506.0,1377,2.1786,1.82,False,True,Mismatch
ADANIENT,Mar 2022,3714.0,2526,1.8709,1.47,False,True,Mismatch
ADANIENT,Mar 2023,8818.0,3969,2.4318,2.22,False,True,Mismatch
ADANIENT,Mar 2024,11377.0,4555,2.7493,2.5,False,True,Mismatch
ADANIENT,TTM,13893.0,4150,,3.35,False,False,Source unavailable
ADANIGREEN,Mar 2017,403.0,334,1.4461,1.21,False,True,Mismatch
ADANIGREEN,Mar 2018,843.0,552,1.6033,1.53,False,True,Mismatch
ADANIGREEN,Mar 2019,1526.0,1121,1.4264,1.36,False,True,Mismatch
ADANIGREEN,Mar 2020,1450.0,995,1.3457,1.46,False,True,Mismatch
ADANIGREEN,Mar 2021,2241.0,1953,1.3477,1.15,False,True,Mismatch
ADANIGREEN,Mar 2022,3512.0,2617,1.5357,1.34,False,True,Mismatch
ADANIGREEN,Mar 2023,4970.0,2911,1.9364,1.71,False,True,Mismatch
ADANIGREEN,Mar 2024,7318.0,5006,1.7139,1.46,False,True,Mismatch
ADANIGREEN,TTM,8100.0,4959,,1.63,False,False,Source unavailable
ADANIPORTS,Mar 2013,2382.0,542,5.0295,4.39,False,True,Mismatch
ADANIPORTS,Mar 2014,2919.0,977,3.6888,2.99,False,True,Mismatch
ADANIPORTS,Mar 2015,3902.0,1175,3.9047,3.32,False,True,Mismatch
ADANIPORTS,Mar 2016,4577.0,1124,4.7215,4.07,False,True,Mismatch
ADANIPORTS,Mar 2017,5418.0,1116,5.7841,4.85,False,True,Mismatch
ADANIPORTS,Mar 2018,7157.0,1579,5.0671,4.53,False,True,Mismatch
ADANIPORTS,Mar 2019,6596.0,1385,5.6931,4.76,False,True,Mismatch
ADANIPORTS,Mar 2020,5947.0,1951,4.0364,3.05,False,True,Mismatch
ADANIPORTS,Mar 2021,8688.0,2255,4.7251,3.85,False,True,Mismatch
ADANIPORTS,Mar 2022,9528.0,2544,4.4654,3.75,False,True,Mismatch
ADANIPORTS,Mar 2023,10947.0,2363,4.7711,4.63,False,True,Mismatch
ADANIPORTS,Mar 2024,15589.0,2733,5.9495,5.7,False,True,Mismatch
ADANIPORTS,TTM,17165.0,2591,,6.62,False,False,Source unavailable
ADANIPOWER,Mar 2013,960.0,1703,0.69,0.56,False,True,Mismatch
ADANIPOWER,Mar 2014,4593.0,4162,1.1365,1.1,False,True,Mismatch
ADANIPOWER,Mar 2015,4678.0,4864,1.206,0.96,False,True,Mismatch
ADANIPOWER,Mar 2016,8802.0,5560,1.5469,1.58,False,True,Mismatch
ADANIPOWER,Mar 2017,5980.0,5902,0.3921,1.01,False,True,Mismatch
ADANIPOWER,Mar 2018,5436.0,5570,1.1113,0.98,False,True,Mismatch
ADANIPOWER,Mar 2019,4983.0,5657,1.3136,0.88,False,True,Mismatch
ADANIPOWER,Mar 2020,5734.0,5315,1.1396,1.08,False,True,Mismatch
ADANIPOWER,Mar 2021,8688.0,5106,2.0754,1.7,False,True,Mismatch
ADANIPOWER,Mar 2022,9881.0,4095,3.3673,2.41,False,True,Mismatch
ADANIPOWER,Mar 2023,10096.0,3334,4.2927,3.03,False,True,Mismatch
ADANIPOWER,Mar 2024,18228.0,3388,8.2972,5.38,False,True,Mismatch
ADANIPOWER,TTM,20965.0,3235,,6.48,False,False,Source unavailable
AMBUJACEM,Dec 2012,2473.0,78,32.5897,31.71,False,True,Mismatch
AMBUJACEM,Dec 2013,1669.0,67,30.7313,24.91,False,True,Mismatch
AMBUJACEM,Dec 2014,1934.0,66,35.6515,29.3,False,True,Mismatch
AMBUJACEM,Dec 2015,1542.0,92,20.5978,16.76,False,True,Mismatch
AMBUJACEM,Dec 2016,3181.0,153,23.6732,20.79,False,True,Mismatch
AMBUJACEM,Dec 2017,3858.0,206,20.3544,18.73,False,True,Mismatch
AMBUJACEM,Dec 2018,4011.0,170,24.9588,23.59,False,True,Mismatch
AMBUJACEM,Dec 2019,4597.0,170,30.5765,27.04,False,True,Mismatch
AMBUJACEM,Dec 2020,5006.0,140,37.8143,35.76,False,True,Mismatch
AMBUJACEM,Dec 2021,6210.0,146,44.2603,42.53,False,True,Mismatch
AMBUJACEM,Mar 2023 15,5122.0,195,,26.27,False,False,Source unavailable
AMBUJACEM,Mar 2024,6400.0,276,28.2645,23.19,False,True,Mismatch
AMBUJACEM,TTM,5822.0,298,,19.54,False,False,Source unavailable
APOLLOHOSP,Mar 2013,612.0,103,6.2621,5.94,False,True,Mismatch
APOLLOHOSP,Mar 2014,676.0,119,5.8319,5.68,False,True,Mismatch
APOLLOHOSP,Mar 2015,737.0,118,6.6441,6.25,False,True,Mismatch
APOLLOHOSP,Mar 2016,684.0,180,4.3111,3.8,False,True,Mismatch
APOLLOHOSP,Mar 2017,734.0,257,3.0895,2.86,False,True,Mismatch
APOLLOHOSP,Mar 2018,801.0,295,2.7966,2.72,False,True,Mismatch
APOLLOHOSP,Mar 2019,1070.0,327,3.3517,3.27,False,True,Mismatch
APOLLOHOSP,Mar 2020,1591.0,533,3.4015,2.98,False,True,Mismatch
APOLLOHOSP,Mar 2021,1140.0,449,2.7684,2.54,False,True,Mismatch
APOLLOHOSP,Mar 2022,2189.0,379,6.7467,5.78,False,True,Mismatch
APOLLOHOSP,Mar 2023,2065.0,381,5.6168,5.42,False,True,Mismatch
APOLLOHOSP,Mar 2024,2394.0,449,5.5657,5.33,False,True,Mismatch
APOLLOHOSP,TTM,2745.0,466,,5.89,False,False,Source unavailable
ASIANPAINT,Mar 2013,1737.0,42,44.0714,41.36,False,True,Mismatch
ASIANPAINT,Mar 2014,2004.0,48,44.3333,41.75,False,True,Mismatch
ASIANPAINT,Mar 2015,2243.0,42,56.7857,53.4,False,True,Mismatch
ASIANPAINT,Mar 2016,2725.0,49,59.9592,55.61,False,True,Mismatch
ASIANPAINT,Mar 2017,2994.0,37,90.0541,80.92,False,True,Mismatch
ASIANPAINT,Mar 2018,3204.0,41,86.3415,78.15,False,True,Mismatch
ASIANPAINT,Mar 2019,3765.0,110,36.7182,34.23,False,True,Mismatch
ASIANPAINT,Mar 2020,4157.0,102,44.2353,40.75,False,True,Mismatch
ASIANPAINT,Mar 2021,4856.0,92,56.3913,52.78,False,True,Mismatch
ASIANPAINT,Mar 2022,4804.0,95,53.6842,50.57,False,True,Mismatch
ASIANPAINT,Mar 2023,6260.0,144,46.4653,43.47,False,True,Mismatch
ASIANPAINT,Mar 2024,7585.0,205,41.0049,37.0,False,True,Mismatch
ASIANPAINT,TTM,6681.0,227,,29.43,False,False,Source unavailable
ATGL,Mar 2018,366.0,125,,2.93,False,False,Source unavailable
ATGL,Mar 2019,455.0,90,,5.06,False,False,Source unavailable
ATGL,Mar 2020,595.0,41,,14.51,False,False,Source unavailable
ATGL,Mar 2021,704.0,40,,17.6,False,False,Source unavailable
ATGL,Mar 2022,773.0,53,,14.58,False,False,Source unavailable
ATGL,Mar 2023,870.0,78,,11.15,False,False,Source unavailable
ATGL,Mar 2024,1104.0,111,,9.95,False,False,Source unavailable
ATGL,TTM,1153.0,106,,10.88,False,False,Source unavailable
BAJAJ-AUTO,Mar 2013,3656.0,1,4446.0,3656.0,False,True,Mismatch
BAJAJ-AUTO,Mar 2014,4163.0,1,4837.0,4163.0,False,True,Mismatch
BAJAJ-AUTO,Mar 2015,4128.0,6,726.0,688.0,False,True,Mismatch
BAJAJ-AUTO,Mar 2016,4793.0,1,5987.0,4793.0,False,True,Mismatch
BAJAJ-AUTO,Mar 2017,4429.0,1,5897.0,4429.0,False,True,Mismatch
BAJAJ-AUTO,Mar 2018,4846.0,1,6250.0,4846.0,False,True,Mismatch
BAJAJ-AUTO,Mar 2019,5198.0,4,1806.5,1299.5,False,True,Mismatch
BAJAJ-AUTO,Mar 2020,5109.0,3,2313.6667,1703.0,False,True,Mismatch
BAJAJ-AUTO,Mar 2021,4938.0,7,929.7143,705.43,False,True,Mismatch
BAJAJ-AUTO,Mar 2022,5259.0,9,881.1111,584.33,False,True,Mismatch
BAJAJ-AUTO,Mar 2023,6465.0,40,204.2,161.62,False,True,Mismatch
BAJAJ-AUTO,Mar 2024,8765.0,60,174.4167,146.08,False,True,Mismatch
BAJAJ-AUTO,TTM,9143.0,164,,55.75,False,False,Source unavailable
AXISBANK,Mar 2013,8313.0,6551,1.2697,1.27,True,True,Match
AXISBANK,Mar 2014,9644.0,7405,1.3034,1.3,True,True,Match
AXISBANK,Mar 2015,11127.0,8365,1.3313,1.33,True,True,Match
AXISBANK,Mar 2016,13367.0,9371,1.4273,1.43,True,True,Match
AXISBANK,Mar 2017,23808.0,11691,2.0353,2.04,True,True,Match
AXISBANK,Mar 2018,28895.0,10967,2.6327,2.63,True,True,Match
AXISBANK,Mar 2019,27155.0,13130,2.0674,2.07,True,True,Match
AXISBANK,Mar 2020,35066.0,15537,2.2559,2.26,True,True,Match
AXISBANK,Mar 2021,31749.0,12264,2.5885,2.59,True,True,Match
AXISBANK,Mar 2022,29962.0,15221,1.9688,1.97,True,True,Match
AXISBANK,Mar 2023,29089.0,16143,1.8029,1.8,True,True,Match
AXISBANK,Mar 2024,37943.0,22442,1.6912,1.69,True,True,Match
AXISBANK,TTM,44566.0,25243,,1.77,False,False,Source unavailable
BAJAJFINSV,Mar 2013,3931.0,1204,3.2666,3.26,False,True,Mismatch
BAJAJFINSV,Mar 2014,4491.0,1562,2.8771,2.88,True,True,Match
BAJAJFINSV,Mar 2015,5511.0,2230,2.4749,2.47,True,True,Match
BAJAJFINSV,Mar 2016,6739.0,2877,2.3424,2.34,True,True,Match
BAJAJFINSV,Mar 2017,8713.0,3716,2.3447,2.34,True,True,Match
BAJAJFINSV,Mar 2018,10788.0,4531,2.3812,2.38,True,True,Match
BAJAJFINSV,Mar 2019,15037.0,6657,2.2591,2.26,True,True,Match
BAJAJFINSV,Mar 2020,18258.0,9500,1.9219,1.92,True,True,Match
BAJAJFINSV,Mar 2021,19641.0,9274,2.1171,2.12,True,True,Match
BAJAJFINSV,Mar 2022,21455.0,9629,2.229,2.23,True,True,Match
BAJAJFINSV,Mar 2023,29868.0,12380,2.4127,2.41,True,True,Match
BAJAJFINSV,Mar 2024,40886.0,18607,2.1971,2.2,True,True,Match
BAJAJFINSV,TTM,45479.0,21568,,2.11,False,False,Source unavailable
BAJAJHLDNG,Mar 2013,322.0,0,,,False,False,Source unavailable
BAJAJHLDNG,Mar 2014,400.0,0,,,False,False,Source unavailable
BAJAJHLDNG,Mar 2015,484.0,0,,,False,False,Source unavailable
BAJAJHLDNG,Mar 2016,429.0,0,,,False,False,Source unavailable
BAJAJHLDNG,Mar 2017,628.0,0,,,False,False,Source unavailable
BAJAJHLDNG,Mar 2018,355.0,0,,,False,False,Source unavailable
BAJAJHLDNG,Mar 2019,347.0,0,,,False,False,Source unavailable
BAJAJHLDNG,Mar 2020,301.0,13,258.3846,23.15,False,True,Mismatch
BAJAJHLDNG,Mar 2021,352.0,4,950.75,88.0,False,True,Mismatch
BAJAJHLDNG,Mar 2022,367.0,3,1421.0,122.33,False,True,Mismatch
BAJAJHLDNG,Mar 2023,380.0,7,721.8571,54.29,False,True,Mismatch
BAJAJHLDNG,Mar 2024,1562.0,2,3764.5,781.0,False,True,Mismatch
BAJAJHLDNG,TTM,1554.0,2,,777.0,False,False,Source unavailable
BAJFINANCE,Mar 2015,1752.0,26,68.3462,67.38,False,True,Mismatch
BAJFINANCE,Mar 2016,2354.0,35,68.0286,67.26,False,True,Mismatch
BAJFINANCE,Mar 2017,3250.0,22,149.0455,147.73,False,True,Mismatch
BAJFINANCE,Mar 2018,4115.0,10,414.6,411.5,False,True,Mismatch
BAJFINANCE,Mar 2019,5454.0,13,422.1538,419.54,False,True,Mismatch
BAJFINANCE,Mar 2020,9159.0,9,1020.8889,1017.67,False,True,Mismatch
BAJFINANCE,Mar 2021,10839.0,3,3621.0,3613.0,False,True,Mismatch
BAJFINANCE,Mar 2022,11880.0,-17,-700.6471,-698.82,False,True,Mismatch
BAJFINANCE,Mar 2023,12693.0,-5,-2546.4,-2538.6,False,True,Mismatch
BAJFINANCE,Mar 2024,16099.0,6,2689.1667,2683.17,False,True,Mismatch
BAJFINANCE,TTM,18943.0,29,,653.21,False,False,Source unavailable
BANKBARODA,Mar 2013,10950.0,4511,2.4281,2.43,True,True,Match
BANKBARODA,Mar 2014,12049.0,5555,2.1694,2.17,True,True,Match
BANKBARODA,Mar 2015,13466.0,5449,2.4716,2.47,True,True,Match
BANKBARODA,Mar 2016,25391.0,5992,4.2331,4.24,False,True,Mismatch
BANKBARODA,Mar 2017,19250.0,7937,2.4241,2.43,False,True,Mismatch
BANKBARODA,Mar 2018,26093.0,7992,3.2624,3.26,True,True,Match
BANKBARODA,Mar 2019,25815.0,7887,3.2718,3.27,True,True,Match
BANKBARODA,Mar 2020,40583.0,12191,3.3277,3.33,True,True,Match
BANKBARODA,Mar 2021,38070.0,14687,2.5915,2.59,True,True,Match
BANKBARODA,Mar 2022,37518.0,14395,2.606,2.61,True,True,Match
BANKBARODA,Mar 2023,38231.0,16275,2.3495,2.35,True,True,Match
BANKBARODA,Mar 2024,44379.0,23399,1.8967,1.9,True,True,Match
BANKBARODA,TTM,46459.0,23807,,1.95,False,False,Source unavailable
BHARTIARTL,Mar 2013,22960.0,4519,5.3372,5.08,False,True,Mismatch
BHARTIARTL,Mar 2014,26512.0,5879,4.9997,4.51,False,True,Mismatch
BHARTIARTL,Mar 2015,33602.0,4446,7.8374,7.56,False,True,Mismatch
BHARTIARTL,Mar 2016,33984.0,8546,4.5451,3.98,False,True,Mismatch
BHARTIARTL,Mar 2017,35330.0,9547,3.8801,3.7,False,True,Mismatch
BHARTIARTL,Mar 2018,30079.0,9326,3.4136,3.23,False,True,Mismatch
BHARTIARTL,Mar 2019,25764.0,10622,2.8467,2.43,False,True,Mismatch
BHARTIARTL,Mar 2020,36610.0,13992,-0.0833,2.62,False,True,Mismatch
BHARTIARTL,Mar 2021,45279.0,15091,2.7211,3.0,False,True,Mismatch
BHARTIARTL,Mar 2022,57534.0,16616,3.7428,3.46,False,True,Mismatch
BHARTIARTL,Mar 2023,71274.0,19300,3.7458,3.69,False,True,Mismatch
BHARTIARTL,Mar 2024,78292.0,22648,3.3055,3.46,False,True,Mismatch
BHARTIARTL,TTM,80733.0,22424,,3.6,False,False,Source unavailable
BEL,Mar 2013,669.0,7,184.4286,95.57,False,True,Mismatch
BEL,Mar 2014,925.0,7,194.7143,132.14,False,True,Mismatch
BEL,Mar 2015,1179.0,7,240.8571,168.43,False,True,Mismatch
BEL,Mar 2016,1393.0,10,196.6,139.3,False,True,Mismatch
BEL,Mar 2017,1792.0,18,122.8889,99.56,False,True,Mismatch
BEL,Mar 2018,2039.0,6,372.5,339.83,False,True,Mismatch
BEL,Mar 2019,2909.0,16,186.375,181.81,False,True,Mismatch
BEL,Mar 2020,2759.0,8,357.25,344.88,False,True,Mismatch
BEL,Mar 2021,3214.0,10,333.9,321.4,False,True,Mismatch
BEL,Mar 2022,3344.0,9,397.3333,371.56,False,True,Mismatch
BEL,Mar 2023,4090.0,19,230.0526,215.26,False,True,Mismatch
BEL,Mar 2024,5051.0,12,476.75,420.92,False,True,Mismatch
BEL,TTM,5708.0,7,,815.43,False,False,Source unavailable
BHEL,Mar 2013,9483.0,128,82.9297,74.09,False,True,Mismatch
BHEL,Mar 2014,4579.0,133,46.5865,34.43,False,True,Mismatch
BHEL,Mar 2015,2141.0,92,36.5435,23.27,False,True,Mismatch
BHEL,Mar 2016,-1357.0,360,0.375,-3.77,False,True,Mismatch
BHEL,Mar 2017,1095.0,413,4.4746,2.65,False,True,Mismatch
BHEL,Mar 2018,1653.0,330,7.0667,5.01,False,True,Mismatch
BHEL,Mar 2019,2032.0,378,7.127,5.38,False,True,Mismatch
BHEL,Mar 2020,-133.0,613,0.7455,-0.22,False,True,Mismatch
BHEL,Mar 2021,-3049.0,467,-5.6874,-6.53,False,True,Mismatch
BHEL,Mar 2022,828.0,448,2.7522,1.85,False,True,Mismatch
BHEL,Mar 2023,1044.0,612,2.5948,1.71,False,True,Mismatch
BHEL,Mar 2024,711.0,828,1.593,0.86,False,True,Mismatch
BHEL,TTM,1050.0,746,,1.41,False,False,Source unavailable
BOSCHLTD,Dec 2012,1350.0,6,286.5,225.0,False,True,Mismatch
BOSCHLTD,Dec 2013,1289.0,0,,,False,False,Source unavailable
BOSCHLTD,Mar 2015,1981.0,14,179.8571,141.5,False,True,Mismatch
BOSCHLTD,Mar 2016,1878.0,13,192.3846,144.46,False,True,Mismatch
BOSCHLTD,Mar 2017,1963.0,27,106.4815,72.7,False,True,Mismatch
BOSCHLTD,Mar 2018,2093.0,3,837.0,697.67,False,True,Mismatch
BOSCHLTD,Mar 2019,2154.0,13,211.8462,165.69,False,True,Mismatch
BOSCHLTD,Mar 2020,1483.0,10,137.8,148.3,False,True,Mismatch
BOSCHLTD,Mar 2021,1163.0,14,65.8571,83.07,False,True,Mismatch
BOSCHLTD,Mar 2022,1462.0,29,63.8966,50.41,False,True,Mismatch
BOSCHLTD,Mar 2023,1810.0,12,190.0833,150.83,False,True,Mismatch
BOSCHLTD,Mar 2024,2095.0,51,71.7843,41.08,False,True,Mismatch
BOSCHLTD,TTM,2216.0,13,,170.46,False,False,Source unavailable
BPCL,Mar 2013,6709.0,2518,3.2569,2.66,False,True,Mismatch
BPCL,Mar 2014,9414.0,1982,5.4279,4.75,False,True,Mismatch
BPCL,Mar 2015,9780.0,1180,10.0822,8.29,False,True,Mismatch
BPCL,Mar 2016,12971.0,680,21.8882,19.08,False,True,Mismatch
BPCL,Mar 2017,13783.0,696,23.7126,19.8,False,True,Mismatch
BPCL,Mar 2018,15317.0,1186,15.3828,12.91,False,True,Mismatch
BPCL,Mar 2019,15112.0,1764,10.2534,8.57,False,True,Mismatch
BPCL,Mar 2020,8975.0,2637,3.9317,3.4,False,True,Mismatch
BPCL,Mar 2021,21001.0,1723,16.5351,12.19,False,True,Mismatch
BPCL,Mar 2022,19137.0,2606,9.2387,7.34,False,True,Mismatch
BPCL,Mar 2023,10899.0,3745,3.4539,2.91,False,True,Mismatch
BPCL,Mar 2024,44082.0,4149,11.3555,10.62,False,True,Mismatch
BPCL,TTM,26554.0,3640,,7.3,False,False,Source unavailable
BRITANNIA,Mar 2013,421.0,41,11.5366,10.27,False,True,Mismatch
BRITANNIA,Mar 2014,627.0,8,82.625,78.38,False,True,Mismatch
BRITANNIA,Mar 2015,870.0,4,274.5,217.5,False,True,Mismatch
BRITANNIA,Mar 2016,1224.0,5,267.8,244.8,False,True,Mismatch
BRITANNIA,Mar 2017,1278.0,5,285.8,255.6,False,True,Mismatch
BRITANNIA,Mar 2018,1501.0,8,208.375,187.62,False,True,Mismatch
BRITANNIA,Mar 2019,1732.0,9,215.3333,192.44,False,True,Mismatch
BRITANNIA,Mar 2020,1843.0,77,27.3506,23.94,False,True,Mismatch
BRITANNIA,Mar 2021,2509.0,111,25.4234,22.6,False,True,Mismatch
BRITANNIA,Mar 2022,2201.0,144,16.8264,15.28,False,True,Mismatch
BRITANNIA,Mar 2023,2831.0,169,20.284,16.75,False,True,Mismatch
BRITANNIA,Mar 2024,3167.0,164,20.5976,19.31,False,True,Mismatch
BRITANNIA,TTM,3136.0,121,,25.92,False,False,Source unavailable
CANBK,Mar 2013,7217.0,3308,2.1823,2.18,True,True,Match
CANBK,Mar 2014,9636.0,4144,2.3248,2.33,False,True,Mismatch
CANBK,Mar 2015,10302.0,4733,2.1764,2.18,True,True,Match
CANBK,Mar 2016,17785.0,5266,3.3739,3.38,False,True,Mismatch
CANBK,Mar 2017,15691.0,7852,1.9966,2.0,True,True,Match
CANBK,Mar 2018,25582.0,7398,3.4536,3.46,False,True,Mismatch
CANBK,Mar 2019,27202.0,9907,2.7433,2.75,False,True,Mismatch
CANBK,Mar 2020,26809.0,11799,2.2699,2.27,True,True,Match
CANBK,Mar 2021,43437.0,23086,1.8804,1.88,True,True,Match
CANBK,Mar 2022,41235.0,23643,1.7433,1.74,True,True,Match
CANBK,Mar 2023,42772.0,25325,1.6885,1.69,True,True,Match
CANBK,Mar 2024,46146.0,28646,1.6107,1.61,True,True,Match
CANBK,TTM,48026.0,30394,,1.58,False,False,Source unavailable
CHOLAFIN,Mar 2013,688.0,1,706.0,688.0,False,True,Mismatch
CHOLAFIN,Mar 2014,932.0,1,950.0,932.0,False,True,Mismatch
CHOLAFIN,Mar 2015,1061.0,0,,,False,False,Source unavailable
CHOLAFIN,Mar 2016,1266.0,2,643.5,633.0,False,True,Mismatch
CHOLAFIN,Mar 2017,1322.0,3,448.6667,440.67,False,True,Mismatch
CHOLAFIN,Mar 2018,1451.0,0,,,False,False,Source unavailable
CHOLAFIN,Mar 2019,1632.0,1,1659.0,1632.0,False,True,Mismatch
CHOLAFIN,Mar 2020,2421.0,0,,,False,False,Source unavailable
CHOLAFIN,Mar 2021,2913.0,56,52.4107,52.02,False,True,Mismatch
CHOLAFIN,Mar 2022,2926.0,84,35.1786,34.83,False,True,Mismatch
CHOLAFIN,Mar 2023,3621.0,220,16.5818,16.46,False,True,Mismatch
CHOLAFIN,Mar 2024,5385.0,255,21.2118,21.12,False,True,Mismatch
CHOLAFIN,TTM,6452.0,248,,26.02,False,False,Source unavailable
CIPLA,Mar 2013,6065.0,245,24.8653,24.76,False,True,Mismatch
CIPLA,Mar 2014,8026.0,251,32.0598,31.98,False,True,Mismatch
CIPLA,Mar 2015,9183.0,164,56.1098,55.99,False,True,Mismatch
CIPLA,Mar 2016,11310.0,208,54.4615,54.38,False,True,Mismatch
CIPLA,Mar 2017,11898.0,208,57.2837,57.2,False,True,Mismatch
CIPLA,Mar 2018,12329.0,280,44.1,44.03,False,True,Mismatch
CIPLA,Mar 2019,13265.0,477,27.8491,27.81,False,True,Mismatch
CIPLA,Mar 2020,13926.0,344,40.5378,40.48,False,True,Mismatch
CIPLA,Mar 2021,14907.0,266,56.1241,56.04,False,True,Mismatch
CIPLA,Mar 2022,17211.0,99,174.0606,173.85,False,True,Mismatch
CIPLA,Mar 2023,17726.0,293,60.5734,60.5,False,True,Mismatch
CIPLA,Mar 2024,19483.0,552,35.3388,35.3,False,True,Mismatch
CIPLA,TTM,20075.0,822,,24.42,False,False,Source unavailable
COALINDIA,Mar 2013,50216.0,8752,5.7406,5.74,True,True,Match
COALINDIA,Mar 2014,52842.0,7169,7.3744,7.37,True,True,Match
COALINDIA,Mar 2015,56777.0,6570,8.6454,8.64,False,True,Mismatch
COALINDIA,Mar 2016,59147.0,5939,9.9631,9.96,True,True,Match
COALINDIA,Mar 2017,65716.0,5316,12.3649,12.36,True,True,Match
COALINDIA,Mar 2018,75956.0,4975,15.2697,15.27,True,True,Match
COALINDIA,Mar 2019,74579.0,5834,12.7878,12.78,False,True,Mismatch
COALINDIA,Mar 2020,74500.0,6444,11.5646,11.56,True,True,Match
COALINDIA,Mar 2021,71398.0,3742,19.0858,19.08,False,True,Mismatch
COALINDIA,Mar 2022,84995.0,3866,21.9912,21.99,True,True,Match
COALINDIA,Mar 2023,94020.0,6560,14.3372,14.33,False,True,Mismatch
COALINDIA,Mar 2024,94352.0,8396,11.2418,11.24,True,True,Match
COALINDIA,TTM,93717.0,8145,,11.51,False,False,Source unavailable
DABUR,Mar 2013,992.0,59,18.5085,16.81,False,True,Mismatch
DABUR,Mar 2014,1162.0,54,23.8519,21.52,False,True,Mismatch
DABUR,Mar 2015,1320.0,40,36.85,33.0,False,True,Mismatch
DABUR,Mar 2016,1518.0,48,36.1458,31.62,False,True,Mismatch
DABUR,Mar 2017,1512.0,54,33.4815,28.0,False,True,Mismatch
DABUR,Mar 2018,1617.0,53,36.0,30.51,False,True,Mismatch
DABUR,Mar 2019,1740.0,60,32.7,29.0,False,True,Mismatch
DABUR,Mar 2020,1792.0,50,39.94,35.84,False,True,Mismatch
DABUR,Mar 2021,2002.0,31,75.0645,64.58,False,True,Mismatch
DABUR,Mar 2022,2252.0,39,65.641,57.74,False,True,Mismatch
DABUR,Mar 2023,2162.0,78,33.4231,27.72,False,True,Mismatch
DABUR,Mar 2024,2400.0,124,23.2419,19.35,False,True,Mismatch
DABUR,TTM,2341.0,152,,15.4,False,False,Source unavailable
DIVISLAB,Mar 2013,816.0,3,287.0,272.0,False,True,Mismatch
DIVISLAB,Mar 2014,1018.0,3,362.0,339.33,False,True,Mismatch
DIVISLAB,Mar 2015,1173.0,3,403.6667,391.0,False,True,Mismatch
DIVISLAB,Mar 2016,1423.0,5,303.2,284.6,False,True,Mismatch
DIVISLAB,Mar 2017,1450.0,3,507.3333,483.33,False,True,Mismatch
DIVISLAB,Mar 2018,1269.0,2,688.0,634.5,False,True,Mismatch
DIVISLAB,Mar 2019,1874.0,5,405.6,374.8,False,True,Mismatch
DIVISLAB,Mar 2020,1826.0,7,287.4286,260.86,False,True,Mismatch
DIVISLAB,Mar 2021,2867.0,2,1462.0,1433.5,False,True,Mismatch
DIVISLAB,Mar 2022,3885.0,2,1998.5,1942.5,False,True,Mismatch
DIVISLAB,Mar 2023,2370.0,2,1357.0,1185.0,False,True,Mismatch
DIVISLAB,Mar 2024,2210.0,4,636.25,552.5,False,True,Mismatch
DIVISLAB,TTM,2558.0,3,,852.67,False,False,Source unavailable
DLF,Mar 2013,2633.0,2314,1.6906,1.14,False,True,Mismatch
DLF,Mar 2014,2493.0,2463,1.4722,1.01,False,True,Mismatch
DLF,Mar 2015,3014.0,2304,1.5265,1.31,False,True,Mismatch
DLF,Mar 2016,3966.0,2680,1.6687,1.48,False,True,Mismatch
DLF,Mar 2017,3446.0,2980,1.5372,1.16,False,True,Mismatch
DLF,Mar 2018,2378.0,2951,4.1003,0.81,False,True,Mismatch
DLF,Mar 2019,2148.0,2062,1.4219,1.04,False,True,Mismatch
DLF,Mar 2020,1146.0,1427,1.5985,0.8,False,True,Mismatch
DLF,Mar 2021,1469.0,853,2.1712,1.72,False,True,Mismatch
DLF,Mar 2022,1743.0,625,3.1008,2.79,False,True,Mismatch
DLF,Mar 2023,1726.0,392,5.2117,4.4,False,True,Mismatch
DLF,Mar 2024,2124.0,356,7.4579,5.97,False,True,Mismatch
DLF,TTM,1885.0,386,,4.88,False,False,Source unavailable
DMART,Mar 2013,215.0,43,5.3488,5.0,False,True,Mismatch
DMART,Mar 2014,341.0,56,6.375,6.09,False,True,Mismatch
DMART,Mar 2015,456.0,72,6.6111,6.33,False,True,Mismatch
DMART,Mar 2016,664.0,91,7.4835,7.3,False,True,Mismatch
DMART,Mar 2017,969.0,122,8.1721,7.94,False,True,Mismatch
DMART,Mar 2018,1353.0,60,24.0167,22.55,False,True,Mismatch
DMART,Mar 2019,1633.0,47,35.766,34.74,False,True,Mismatch
DMART,Mar 2020,2128.0,69,31.7101,30.84,False,True,Mismatch
DMART,Mar 2021,1745.0,42,46.1667,41.55,False,True,Mismatch
DMART,Mar 2022,2502.0,54,48.4444,46.33,False,True,Mismatch
DMART,Mar 2023,3639.0,67,56.2239,54.31,False,True,Mismatch
DMART,Mar 2024,4106.0,58,73.2931,70.79,False,True,Mismatch
DMART,TTM,4476.0,64,,69.94,False,False,Source unavailable
DRREDDY,Mar 2013,2669.0,100,28.15,26.69,False,True,Mismatch
DRREDDY,Mar 2014,3251.0,127,26.937,25.6,False,True,Mismatch
DRREDDY,Mar 2015,3508.0,108,34.8889,32.48,False,True,Mismatch
DRREDDY,Mar 2016,3585.0,83,46.747,43.19,False,True,Mismatch
DRREDDY,Mar 2017,2472.0,79,33.4684,31.29,False,True,Mismatch
DRREDDY,Mar 2018,2351.0,79,31.7215,29.76,False,True,Mismatch
DRREDDY,Mar 2019,3178.0,89,39.9888,35.71,False,True,Mismatch
DRREDDY,Mar 2020,2477.0,98,32.1122,25.28,False,True,Mismatch
DRREDDY,Mar 2021,3874.0,97,43.3918,39.94,False,True,Mismatch
DRREDDY,Mar 2022,3768.0,96,45.0312,39.25,False,True,Mismatch
DRREDDY,Mar 2023,6470.0,143,52.035,45.24,False,True,Mismatch
DRREDDY,Mar 2024,7933.0,171,51.7076,46.39,False,True,Mismatch
DRREDDY,TTM,8311.0,276,,30.11,False,False,Source unavailable
EICHERMOT,Dec 2012,550.0,4,171.5,137.5,False,True,Mismatch
EICHERMOT,Dec 2013,715.0,8,101.0,89.38,False,True,Mismatch
EICHERMOT,Dec 2014,1118.0,10,122.3,111.8,False,True,Mismatch
EICHERMOT,Mar 2016,1690.0,2,1008.0,845.0,False,True,Mismatch
EICHERMOT,Mar 2017,2174.0,4,647.5,543.5,False,True,Mismatch
EICHERMOT,Mar 2018,2809.0,5,669.0,561.8,False,True,Mismatch
EICHERMOT,Mar 2019,2904.0,7,515.0,414.86,False,True,Mismatch
EICHERMOT,Mar 2020,2183.0,19,145.0,114.89,False,True,Mismatch
EICHERMOT,Mar 2021,1783.0,16,141.5625,111.44,False,True,Mismatch
EICHERMOT,Mar 2022,2178.0,19,140.7368,114.63,False,True,Mismatch
EICHERMOT,Mar 2023,3446.0,28,155.5,123.07,False,True,Mismatch
EICHERMOT,Mar 2024,4329.0,51,114.7059,84.88,False,True,Mismatch
EICHERMOT,TTM,4472.0,53,,84.38,False,False,Source unavailable
GAIL,Mar 2013,7427.0,437,19.0252,17.0,False,True,Mismatch
GAIL,Mar 2014,7988.0,669,13.8042,11.94,False,True,Mismatch
GAIL,Mar 2015,5631.0,652,10.0859,8.64,False,True,Mismatch
GAIL,Mar 2016,4536.0,822,6.4075,5.52,False,True,Mismatch
GAIL,Mar 2017,6021.0,509,14.2102,11.83,False,True,Mismatch
GAIL,Mar 2018,7802.0,295,29.661,26.45,False,True,Mismatch
GAIL,Mar 2019,9938.0,159,73.3145,62.5,False,True,Mismatch
GAIL,Mar 2020,9022.0,309,41.4822,29.2,False,True,Mismatch
GAIL,Mar 2021,7245.0,179,56.3017,40.47,False,True,Mismatch
GAIL,Mar 2022,15161.0,202,89.5347,75.05,False,True,Mismatch
GAIL,Mar 2023,7500.0,365,28.2795,20.55,False,True,Mismatch
GAIL,Mar 2024,14314.0,719,23.6245,19.91,False,True,Mismatch
GAIL,TTM,16784.0,733,,22.9,False,False,Source unavailable
GODREJCP,Mar 2013,995.0,87,13.6667,11.44,False,True,Mismatch
GODREJCP,Mar 2014,1169.0,120,10.2583,9.74,False,True,Mismatch
GODREJCP,Mar 2015,1379.0,112,12.9643,12.31,False,True,Mismatch
GODREJCP,Mar 2016,1657.0,128,10.8984,12.95,False,True,Mismatch
GODREJCP,Mar 2017,1907.0,154,12.8766,12.38,False,True,Mismatch
GODREJCP,Mar 2018,2084.0,173,13.6821,12.05,False,True,Mismatch
GODREJCP,Mar 2019,2132.0,238,10.479,8.96,False,True,Mismatch
GODREJCP,Mar 2020,2154.0,228,9.5877,9.45,False,True,Mismatch
GODREJCP,Mar 2021,2399.0,138,17.5507,17.38,False,True,Mismatch
GODREJCP,Mar 2022,2409.0,122,20.3852,19.75,False,True,Mismatch
GODREJCP,Mar 2023,2443.0,188,13.6011,12.99,False,True,Mismatch
GODREJCP,Mar 2024,2957.0,310,2.4129,9.54,False,True,Mismatch
GODREJCP,TTM,2996.0,339,,8.84,False,False,Source unavailable
GRASIM,Mar 2013,5924.0,324,20.8272,18.28,False,True,Mismatch
GRASIM,Mar 2014,4915.0,447,12.2841,11.0,False,True,Mismatch
GRASIM,Mar 2015,5144.0,667,8.5067,7.71,False,True,Mismatch
GRASIM,Mar 2016,5911.0,718,10.071,8.23,False,True,Mismatch
GRASIM,Mar 2017,7387.0,702,12.0556,10.52,False,True,Mismatch
GRASIM,Mar 2018,11612.0,3663,3.282,3.17,False,True,Mismatch
GRASIM,Mar 2019,16640.0,6060,2.4413,2.75,False,True,Mismatch
GRASIM,Mar 2020,10373.0,6890,2.5325,1.51,False,True,Mismatch
GRASIM,Mar 2021,18635.0,5723,3.4536,3.26,False,True,Mismatch
GRASIM,Mar 2022,20431.0,4776,4.6229,4.28,False,True,Mismatch
GRASIM,Mar 2023,21589.0,6044,4.1896,3.57,False,True,Mismatch
GRASIM,Mar 2024,27195.0,9277,3.0158,2.93,False,True,Mismatch
GRASIM,TTM,27506.0,10696,,2.57,False,False,Source unavailable
HAL,Mar 2013,768.0,5,,153.6,False,False,Source unavailable
HAL,Mar 2014,1570.0,8,,196.25,False,False,Source unavailable
HAL,Mar 2015,2351.0,15,,156.73,False,False,Source unavailable
HAL,Mar 2016,2478.0,6,,413.0,False,False,Source unavailable
HAL,Mar 2017,3236.0,16,267.5,202.25,False,True,Mismatch
HAL,Mar 2018,3460.0,35,120.6,98.86,False,True,Mismatch
HAL,Mar 2019,4569.0,177,27.9379,25.81,False,True,Mismatch
HAL,Mar 2020,4880.0,359,14.7493,13.59,False,True,Mismatch
HAL,Mar 2021,5341.0,267,21.3521,20.0,False,True,Mismatch
HAL,Mar 2022,5420.0,65,98.5538,83.38,False,True,Mismatch
HAL,Mar 2023,6669.0,64,130.3281,104.2,False,True,Mismatch
HAL,Mar 2024,9749.0,43,270.8837,226.72,False,True,Mismatch
HAL,TTM,9954.0,32,,311.06,False,False,Source unavailable
HAVELLS,Mar 2013,674.0,123,7.2846,5.48,False,True,Mismatch
HAVELLS,Mar 2014,777.0,102,7.9608,7.62,False,True,Mismatch
HAVELLS,Mar 2015,755.0,96,8.3646,7.86,False,True,Mismatch
HAVELLS,Mar 2016,796.0,91,19.1758,8.75,False,True,Mismatch
HAVELLS,Mar 2017,815.0,13,65.9231,62.69,False,True,Mismatch
HAVELLS,Mar 2018,1033.0,25,45.2,41.32,False,True,Mismatch
HAVELLS,Mar 2019,1189.0,16,82.0625,74.31,False,True,Mismatch
HAVELLS,Mar 2020,1067.0,51,23.0196,20.92,False,True,Mismatch
HAVELLS,Mar 2021,1589.0,90,19.7333,17.66,False,True,Mismatch
HAVELLS,Mar 2022,1775.0,67,28.8657,26.49,False,True,Mismatch
HAVELLS,Mar 2023,1621.0,55,32.7091,29.47,False,True,Mismatch
HAVELLS,Mar 2024,1881.0,84,25.3571,22.39,False,True,Mismatch
HAVELLS,TTM,2008.0,46,,43.65,False,False,Source unavailable
HCLTECH,Jun 2013,5680.0,106,56.717,53.58,False,True,Mismatch
HCLTECH,Jun 2014,8035.0,114,76.4211,70.48,False,True,Mismatch
HCLTECH,Jun 2015,8486.0,91,105.6264,93.25,False,True,Mismatch
HCLTECH,Mar 2016 9m,6654.0,74,,89.92,False,False,Source unavailable
HCLTECH,Mar 2017,10390.0,89,128.7528,116.74,False,True,Mismatch
HCLTECH,Mar 2018,11246.0,69,180.8116,162.99,False,True,Mismatch
HCLTECH,Mar 2019,13926.0,174,85.454,80.03,False,True,Mismatch
HCLTECH,Mar 2020,17316.0,505,35.4554,34.29,False,True,Mismatch
HCLTECH,Mar 2021,20048.0,511,41.047,39.23,False,True,Mismatch
HCLTECH,Mar 2022,20529.0,319,67.6991,64.35,False,True,Mismatch
HCLTECH,Mar 2023,22628.0,353,67.949,64.1,False,True,Mismatch
HCLTECH,Mar 2024,24198.0,553,46.4611,43.76,False,True,Mismatch
HCLTECH,TTM,25139.0,659,,38.15,False,False,Source unavailable
HDFCBANK,Mar 2013,12631.0,7133,1.7722,1.77,True,True,Match
HDFCBANK,Mar 2014,13508.0,8298,1.6294,1.63,True,True,Match
HDFCBANK,Mar 2015,16164.0,9546,1.6947,1.69,True,True,Match
HDFCBANK,Mar 2016,20055.0,11212,1.79,1.79,True,True,Match
HDFCBANK,Mar 2017,23856.0,12905,1.8498,1.85,True,True,Match
HDFCBANK,Mar 2018,29532.0,16057,1.8402,1.84,True,True,Match
HDFCBANK,Mar 2019,34856.0,18947,1.8405,1.84,True,True,Match
HDFCBANK,Mar 2020,45459.0,24879,1.8277,1.83,True,True,Match
HDFCBANK,Mar 2021,52457.0,27333,1.9197,1.92,True,True,Match
HDFCBANK,Mar 2022,56557.0,31759,1.7813,1.78,True,True,Match
HDFCBANK,Mar 2023,63042.0,33912,1.8595,1.86,True,True,Match
HDFCBANK,Mar 2024,174196.0,124346,1.4008,1.4,True,True,Match
HDFCBANK,TTM,206009.0,146017,,1.41,False,False,Source unavailable
HDFCLIFE,Mar 2013,13535.0,28,483.5357,483.39,False,True,Mismatch
HDFCLIFE,Mar 2014,16561.0,241,68.7344,68.72,False,True,Mismatch
HDFCLIFE,Mar 2015,26341.0,79,333.4684,333.43,False,True,Mismatch
HDFCLIFE,Mar 2016,17187.0,108,159.1852,159.14,False,True,Mismatch
HDFCLIFE,Mar 2017,29674.0,139,213.5036,213.48,False,True,Mismatch
HDFCLIFE,Mar 2018,31186.0,282,110.5993,110.59,False,True,Mismatch
HDFCLIFE,Mar 2019,37640.0,136,276.7868,276.76,False,True,Mismatch
HDFCLIFE,Mar 2020,28239.0,369,76.5393,76.53,False,True,Mismatch
HDFCLIFE,Mar 2021,70294.0,445,157.9685,157.96,False,True,Mismatch
HDFCLIFE,Mar 2022,66348.0,766,86.6175,86.62,True,True,Match
HDFCLIFE,Mar 2023,70127.0,1437,48.801,48.8,True,True,Match
HDFCLIFE,Mar 2024,100951.0,525,192.2895,192.29,True,True,Match
HDFCLIFE,TTM,100048.0,514,,194.65,False,False,Source unavailable
HEROMOTOCO,Mar 2014,21722.0,430,50.5488,50.52,False,True,Mismatch
HEROMOTOCO,Mar 2015,24018.0,325,73.9415,73.9,False,True,Mismatch
HEROMOTOCO,Mar 2016,24033.0,421,57.1235,57.09,False,True,Mismatch
HEROMOTOCO,Mar 2017,24025.0,830,28.9651,28.95,False,True,Mismatch
HEROMOTOCO,Mar 2018,27124.0,564,48.1206,48.09,False,True,Mismatch
HEROMOTOCO,Mar 2019,28946.0,741,39.0837,39.06,False,True,Mismatch
HEROMOTOCO,Mar 2020,25184.0,1434,17.5718,17.56,False,True,Mismatch
HEROMOTOCO,Mar 2021,26902.0,553,48.6709,48.65,False,True,Mismatch
HEROMOTOCO,Mar 2022,26295.0,545,48.2679,48.25,False,True,Mismatch
HEROMOTOCO,Mar 2023,30060.0,567,53.037,53.02,False,True,Mismatch
HEROMOTOCO,Mar 2024,32554.0,689,47.2685,47.25,False,True,Mismatch
HEROMOTOCO,TTM,34537.0,929,,37.18,False,False,Source unavailable
HINDALCO,Mar 2013,72494.0,1111,65.2601,65.25,False,True,Mismatch
HINDALCO,Mar 2014,79671.0,677,117.6957,117.68,False,True,Mismatch
HINDALCO,Mar 2015,95437.0,-832,-114.7175,-114.71,False,True,Mismatch
HINDALCO,Mar 2016,90981.0,1500,60.6593,60.65,False,True,Mismatch
HINDALCO,Mar 2017,87867.0,1198,73.3548,73.34,False,True,Mismatch
HINDALCO,Mar 2018,101488.0,2879,35.2553,35.25,False,True,Mismatch
HINDALCO,Mar 2019,115031.0,1127,102.079,102.07,False,True,Mismatch
HINDALCO,Mar 2020,103838.0,906,114.6247,114.61,False,True,Mismatch
HINDALCO,Mar 2021,114449.0,-987,-115.9696,-115.96,False,True,Mismatch
HINDALCO,Mar 2022,166712.0,1253,133.0623,133.05,False,True,Mismatch
HINDALCO,Mar 2023,200536.0,1307,153.4399,153.43,False,True,Mismatch
HINDALCO,Mar 2024,192090.0,1519,126.4654,126.46,False,True,Mismatch
HINDALCO,TTM,196087.0,1300,,150.84,False,False,Source unavailable
HINDUNILVR,Mar 2013,22784.0,1123,20.3028,20.29,False,True,Mismatch
HINDUNILVR,Mar 2014,24475.0,792,30.923,30.9,False,True,Mismatch
HINDUNILVR,Mar 2015,26560.0,1247,21.3128,21.3,False,True,Mismatch
HINDUNILVR,Mar 2016,26276.0,486,54.1029,54.07,False,True,Mismatch
HINDUNILVR,Mar 2017,26834.0,606,44.3119,44.28,False,True,Mismatch
HINDUNILVR,Mar 2018,28046.0,353,79.5099,79.45,False,True,Mismatch
HINDUNILVR,Mar 2019,30430.0,322,94.5745,94.5,False,True,Mismatch
HINDUNILVR,Mar 2020,29922.0,424,70.6297,70.57,False,True,Mismatch
HINDUNILVR,Mar 2021,35402.0,170,208.3941,208.25,False,True,Mismatch
HINDUNILVR,Mar 2022,39589.0,219,180.8858,180.77,False,True,Mismatch
HINDUNILVR,Mar 2023,46433.0,448,103.6964,103.65,False,True,Mismatch
HINDUNILVR,Mar 2024,47237.0,817,57.847,57.82,False,True,Mismatch
HINDUNILVR,TTM,47902.0,1461,,32.79,False,False,Source unavailable
ICICIBANK,Mar 2013,31684.0,29320,1.0795,1.08,True,True,Match
ICICIBANK,Mar 2014,32852.0,30085,1.0911,1.09,True,True,Match
ICICIBANK,Mar 2015,38766.0,35252,1.0989,1.1,True,True,Match
ICICIBANK,Mar 2016,52252.0,42102,1.24,1.24,True,True,Match
ICICIBANK,Mar 2017,63841.0,52458,1.2158,1.22,True,True,Match
ICICIBANK,Mar 2018,72806.0,56807,1.2804,1.28,True,True,Match
ICICIBANK,Mar 2019,83775.0,59325,1.4109,1.41,True,True,Match
ICICIBANK,Mar 2020,85361.0,64950,1.3134,1.31,True,True,Match
ICICIBANK,Mar 2021,91309.0,72174,1.2644,1.27,False,True,Mismatch
ICICIBANK,Mar 2022,80798.0,62129,1.3,1.3,True,True,Match
ICICIBANK,Mar 2023,87864.0,65112,1.3492,1.35,True,True,Match
ICICIBANK,Mar 2024,99560.0,76522,1.3009,1.3,True,True,Match
ICICIBANK,TTM,125722.0,101817,,1.23,False,False,Source unavailable
ICICIGI,Mar 2013,4191.0,586,7.1451,7.15,True,True,Match
ICICIGI,Mar 2014,4578.0,817,5.5973,5.6,True,True,Match
ICICIGI,Mar 2015,4456.0,992,4.4869,4.49,True,True,Match
ICICIGI,Mar 2016,5269.0,0,,,False,False,Source unavailable
ICICIGI,Mar 2017,6601.0,-2,-3306.5,-3300.5,False,True,Mismatch
ICICIGI,Mar 2018,7174.0,1569,4.5698,4.57,True,True,Match
ICICIGI,Mar 2019,9494.0,-2,-4754.5,-4747.0,False,True,Mismatch
ICICIGI,Mar 2020,9745.0,15,650.6667,649.67,False,True,Mismatch
ICICIGI,Mar 2021,10090.0,12,842.25,840.83,False,True,Mismatch
ICICIGI,Mar 2022,15010.0,809,18.5612,18.55,False,True,Mismatch
ICICIGI,Mar 2023,16612.0,991,16.7699,16.76,False,True,Mismatch
ICICIGI,Mar 2024,17910.0,112,160.0268,159.91,False,True,Mismatch
ICICIGI,TTM,19938.0,-12,,-1661.5,False,False,Source unavailable
ICICIPRULI,Mar 2013,19280.0,900,21.4267,21.42,False,True,Mismatch
ICICIPRULI,Mar 2014,20384.0,129,158.0698,158.02,False,True,Mismatch
ICICIPRULI,Mar 2015,32798.0,43,762.8605,762.74,False,True,Mismatch
ICICIPRULI,Mar 2016,19008.0,0,,,False,False,Source unavailable
ICICIPRULI,Mar 2017,36010.0,130,277.0385,277.0,False,True,Mismatch
ICICIPRULI,Mar 2018,37062.0,132,280.8106,280.77,False,True,Mismatch
ICICIPRULI,Mar 2019,40922.0,813,50.3358,50.33,False,True,Mismatch
ICICIPRULI,Mar 2020,21344.0,1578,13.5247,13.53,False,True,Mismatch
ICICIPRULI,Mar 2021,83572.0,1669,50.0731,50.07,True,True,Match
ICICIPRULI,Mar 2022,65728.0,3191,20.597,20.6,True,True,Match
ICICIPRULI,Mar 2023,52235.0,2925,17.8571,17.86,True,True,Match
ICICIPRULI,Mar 2024,92136.0,2970,31.0215,31.02,True,True,Match
ICICIPRULI,TTM,77251.0,933,,82.8,False,False,Source unavailable
INDUSINDBK,Mar 2013,1947.0,1363,1.4314,1.43,True,True,Match
INDUSINDBK,Mar 2014,2555.0,1891,1.3533,1.35,True,True,Match
INDUSINDBK,Mar 2015,3133.0,2548,1.2308,1.23,True,True,Match
INDUSINDBK,Mar 2016,4188.0,3297,1.2712,1.27,True,True,Match
INDUSINDBK,Mar 2017,5684.0,4171,1.3635,1.36,True,True,Match
INDUSINDBK,Mar 2018,6555.0,4750,1.3811,1.38,True,True,Match
INDUSINDBK,Mar 2019,9283.0,5647,1.6435,1.64,True,True,Match
INDUSINDBK,Mar 2020,12611.0,6951,1.814,1.81,True,True,Match
INDUSINDBK,Mar 2021,15997.0,6559,2.4376,2.44,True,True,Match
INDUSINDBK,Mar 2022,15840.0,7334,2.1594,2.16,True,True,Match
INDUSINDBK,Mar 2023,15525.0,8166,1.9019,1.9,True,True,Match
INDUSINDBK,Mar 2024,17638.0,9388,1.8795,1.88,True,True,Match
INDUSINDBK,TTM,20104.0,9521,,2.11,False,False,Source unavailable
INFY,Mar 2013,11538.0,5,2780.6,2307.6,False,True,Mismatch
INFY,Mar 2014,13390.0,9,1783.7778,1487.78,False,True,Mismatch
INFY,Mar 2015,14883.0,12,1526.0833,1240.25,False,True,Mismatch
INFY,Mar 2016,17079.0,0,,,False,False,Source unavailable
INFY,Mar 2017,18604.0,0,,,False,False,Source unavailable
INFY,Mar 2018,18822.0,0,,,False,False,Source unavailable
INFY,Mar 2019,20170.0,0,,,False,False,Source unavailable
INFY,Mar 2020,22267.0,170,147.4706,130.98,False,True,Mismatch
INFY,Mar 2021,27889.0,195,154.3077,143.02,False,True,Mismatch
INFY,Mar 2022,31491.0,200,168.93,157.46,False,True,Mismatch
INFY,Mar 2023,35130.0,284,133.2077,123.7,False,True,Mismatch
INFY,Mar 2024,36425.0,470,87.5234,77.5,False,True,Mismatch
INFY,TTM,38145.0,424,,89.96,False,False,Source unavailable
IOC,Mar 2013,13861.0,7164,2.4232,1.93,False,True,Mismatch
IOC,Mar 2014,17222.0,5948,3.7468,2.9,False,True,Mismatch
IOC,Mar 2015,10575.0,4201,3.9122,2.52,False,True,Mismatch
IOC,Mar 2016,22038.0,3487,7.8167,6.32,False,True,Mismatch
IOC,Mar 2017,34149.0,3743,10.2872,9.12,False,True,Mismatch
IOC,Mar 2018,41658.0,3875,11.8681,10.75,False,True,Mismatch
IOC,Mar 2019,35262.0,4925,7.9917,7.16,False,True,Mismatch
IOC,Mar 2020,16053.0,5792,1.5345,2.77,False,True,Mismatch
IOC,Mar 2021,39929.0,2933,15.2148,13.61,False,True,Mismatch
IOC,Mar 2022,47758.0,5454,9.5508,8.76,False,True,Mismatch
IOC,Mar 2023,30683.0,7588,4.7189,4.04,False,True,Mismatch
IOC,Mar 2024,75646.0,7881,10.2823,9.6,False,True,Mismatch
IOC,TTM,32930.0,9231,,3.57,False,False,Source unavailable
IRCTC,Mar 2015,152.0,0,,,False,False,Source unavailable
IRCTC,Mar 2016,190.0,0,,,False,False,Source unavailable
IRCTC,Mar 2017,314.0,3,127.0,104.67,False,True,Mismatch
IRCTC,Mar 2018,274.0,3,124.3333,91.33,False,True,Mismatch
IRCTC,Mar 2019,383.0,2,254.5,191.5,False,True,Mismatch
IRCTC,Mar 2020,703.0,10,78.0,70.3,False,True,Mismatch
IRCTC,Mar 2021,188.0,8,39.0,23.5,False,True,Mismatch
IRCTC,Mar 2022,874.0,11,86.0,79.45,False,True,Mismatch
IRCTC,Mar 2023,1276.0,16,89.0,79.75,False,True,Mismatch
IRCTC,Mar 2024,1466.0,19,82.7368,77.16,False,True,Mismatch
IRCTC,TTM,1505.0,16,,94.06,False,False,Source unavailable
IRFC,Mar 2013,5528.0,4075,,1.36,False,False,Source unavailable
IRFC,Mar 2014,6178.0,4607,,1.34,False,False,Source unavailable
IRFC,Mar 2015,6905.0,4992,,1.38,False,False,Source unavailable
IRFC,Mar 2016,7468.0,5519,1.3533,1.35,True,True,Match
IRFC,Mar 2017,9021.0,6888,1.3097,1.31,True,True,Match
IRFC,Mar 2018,9229.0,6638,1.3905,1.39,True,True,Match
IRFC,Mar 2019,11085.0,8183,1.3546,1.35,True,True,Match
IRFC,Mar 2020,13355.0,10163,1.3141,1.31,True,True,Match
IRFC,Mar 2021,15657.0,11237,1.3933,1.39,True,True,Match
IRFC,Mar 2022,20177.0,14075,1.4337,1.43,True,True,Match
IRFC,Mar 2023,23588.0,17447,1.3543,1.35,True,True,Match
IRFC,Mar 2024,26513.0,20101,1.3195,1.32,True,True,Match
IRFC,TTM,26758.0,20223,,1.32,False,False,Source unavailable
ITC,Mar 2013,11221.0,108,111.787,103.9,False,True,Mismatch
ITC,Mar 2014,13080.0,29,484.3448,451.03,False,True,Mismatch
ITC,Mar 2015,14252.0,91,170.1209,156.62,False,True,Mismatch
ITC,Mar 2016,14531.0,78,205.3077,186.29,False,True,Mismatch
ITC,Mar 2017,15470.0,49,351.6122,315.71,False,True,Mismatch
ITC,Mar 2018,16521.0,115,163.1391,143.66,False,True,Mismatch
ITC,Mar 2019,18537.0,71,290.3803,261.08,False,True,Mismatch
ITC,Mar 2020,19344.0,81,268.6543,238.81,False,True,Mismatch
ITC,Mar 2021,17065.0,58,338.6552,294.22,False,True,Mismatch
ITC,Mar 2022,20623.0,60,375.55,343.72,False,True,Mismatch
ITC,Mar 2023,25704.0,78,356.4359,329.54,False,True,Mismatch
ITC,Mar 2024,26233.0,80,362.9625,327.91,False,True,Mismatch
ITC,TTM,26640.0,54,,493.33,False,False,Source unavailable
JINDALSTEL,Mar 2013,6106.0,1067,6.0347,5.72,False,True,Mismatch
JINDALSTEL,Mar 2014,5799.0,1807,3.4023,3.21,False,True,Mismatch
JINDALSTEL,Mar 2015,5464.0,2875,1.4139,1.9,False,True,Mismatch
JINDALSTEL,Mar 2016,3437.0,3254,1.032,1.06,False,True,Mismatch
JINDALSTEL,Mar 2017,4709.0,3441,1.2633,1.37,False,True,Mismatch
JINDALSTEL,Mar 2018,6469.0,3866,1.5222,1.67,False,True,Mismatch
JINDALSTEL,Mar 2019,8412.0,4264,1.628,1.97,False,True,Mismatch
JINDALSTEL,Mar 2020,6831.0,3768,1.8325,1.81,False,True,Mismatch
JINDALSTEL,Mar 2021,10933.0,2753,4.085,3.97,False,True,Mismatch
JINDALSTEL,Mar 2022,15515.0,1888,7.2431,8.22,False,True,Mismatch
JINDALSTEL,Mar 2023,9942.0,1446,6.5028,6.88,False,True,Mismatch
JINDALSTEL,Mar 2024,10202.0,1294,8.0046,7.88,False,True,Mismatch
JINDALSTEL,TTM,10327.0,1293,,7.99,False,False,Source unavailable
JIOFIN,Mar 2023,39.0,0,,,False,False,Source unavailable
JIOFIN,Mar 2024,1559.0,10,198.8,155.9,False,True,Mismatch
JIOFIN,TTM,1531.0,0,,,False,False,Source unavailable
JSWENERGY,Mar 2013,2801.0,963,2.918,2.91,False,True,Mismatch
JSWENERGY,Mar 2014,3255.0,1206,2.5506,2.7,False,True,Mismatch
JSWENERGY,Mar 2015,3624.0,1137,3.3597,3.19,False,True,Mismatch
JSWENERGY,Mar 2016,4029.0,1498,2.9166,2.69,False,True,Mismatch
JSWENERGY,Mar 2017,3324.0,1685,2.1039,1.97,False,True,Mismatch
JSWENERGY,Mar 2018,2713.0,1456,1.8956,1.86,False,True,Mismatch
JSWENERGY,Mar 2019,2855.0,1192,2.729,2.4,False,True,Mismatch
JSWENERGY,Mar 2020,2957.0,1051,3.1713,2.81,False,True,Mismatch
JSWENERGY,Mar 2021,2913.0,896,3.5279,3.25,False,True,Mismatch
JSWENERGY,Mar 2022,3572.0,777,5.3372,4.6,False,True,Mismatch
JSWENERGY,Mar 2023,3282.0,844,4.6872,3.89,False,True,Mismatch
JSWENERGY,Mar 2024,5382.0,2053,2.8514,2.62,False,True,Mismatch
JSWENERGY,TTM,5382.0,2083,,2.58,False,False,Source unavailable
JSWSTEEL,Mar 2013,6512.0,1967,3.1546,3.31,False,True,Mismatch
JSWSTEEL,Mar 2014,9169.0,3048,2.4734,3.01,False,True,Mismatch
JSWSTEEL,Mar 2015,9364.0,3493,2.7103,2.68,False,True,Mismatch
JSWSTEEL,Mar 2016,6422.0,3601,1.2374,1.78,False,True,Mismatch
JSWSTEEL,Mar 2017,12308.0,3768,3.2712,3.27,True,True,Match
JSWSTEEL,Mar 2018,14916.0,3701,3.9824,4.03,False,True,Mismatch
JSWSTEEL,Mar 2019,18930.0,3917,4.8828,4.83,False,True,Mismatch
JSWSTEEL,Mar 2020,11813.0,4265,2.702,2.77,False,True,Mismatch
JSWSTEEL,Mar 2021,20178.0,3957,5.2189,5.1,False,True,Mismatch
JSWSTEEL,Mar 2022,39114.0,4968,8.1952,7.87,False,True,Mismatch
JSWSTEEL,Mar 2023,18470.0,6902,2.9022,2.68,False,True,Mismatch
JSWSTEEL,Mar 2024,28157.0,8105,3.6591,3.47,False,True,Mismatch
JSWSTEEL,TTM,22478.0,8380,,2.68,False,False,Source unavailable
KOTAKBANK,Mar 2013,6603.0,5112,1.2883,1.29,True,True,Match
KOTAKBANK,Mar 2014,7053.0,5282,1.333,1.34,False,True,Mismatch
KOTAKBANK,Mar 2015,9718.0,8152,1.189,1.19,True,True,Match
KOTAKBANK,Mar 2016,11541.0,7631,1.5109,1.51,True,True,Match
KOTAKBANK,Mar 2017,14832.0,11660,1.2705,1.27,True,True,Match
KOTAKBANK,Mar 2018,16805.0,13682,1.2271,1.23,True,True,Match
KOTAKBANK,Mar 2019,19758.0,16148,1.2225,1.22,True,True,Match
KOTAKBANK,Mar 2020,22578.0,16892,1.3357,1.34,True,True,Match
KOTAKBANK,Mar 2021,29812.0,23588,1.2626,1.26,True,True,Match
KOTAKBANK,Mar 2022,30699.0,24941,1.2299,1.23,True,True,Match
KOTAKBANK,Mar 2023,33485.0,25991,1.2878,1.29,True,True,Match
KOTAKBANK,Mar 2024,47052.0,38037,1.2364,1.24,True,True,Match
KOTAKBANK,TTM,50872.0,43559,,1.17,False,False,Source unavailable
LICI,Mar 2019,5920.0,0,,,False,False,Source unavailable
LICI,Mar 2020,-6947.0,0,,,False,False,Source unavailable
LICI,Mar 2021,-252.0,0,,,False,False,Source unavailable
LICI,Mar 2022,3326.0,0,,,False,False,Source unavailable
LICI,Mar 2023,34207.0,77,545.5455,444.25,False,True,Mismatch
LICI,Mar 2024,32779.0,128,371.9375,256.09,False,True,Mismatch
LICI,TTM,25851.0,0,,,False,False,Source unavailable
LODHA,Mar 2011,510.0,283,,1.8,False,False,Source unavailable
LODHA,Mar 2012,724.0,254,,2.85,False,False,Source unavailable
LODHA,Mar 2015,1467.0,492,,2.98,False,False,Source unavailable
LODHA,Mar 2016,2126.0,988,2.668,2.15,False,True,Mismatch
LODHA,Mar 2017,1614.0,736,2.9864,2.19,False,True,Mismatch
LODHA,Mar 2018,1682.0,390,5.0436,4.31,False,True,Mismatch
LODHA,Mar 2019,3179.0,568,5.7236,5.6,False,True,Mismatch
LODHA,Mar 2020,1917.0,740,2.7514,2.59,False,True,Mismatch
LODHA,Mar 2021,1383.0,1136,1.0942,1.22,False,True,Mismatch
LODHA,Mar 2022,2186.0,688,3.6032,3.18,False,True,Mismatch
LODHA,Mar 2023,2064.0,482,2.1307,4.28,False,True,Mismatch
LODHA,Mar 2024,2665.0,482,5.6286,5.53,False,True,Mismatch
LODHA,TTM,3812.0,514,,7.42,False,False,Source unavailable
LT,Mar 2013,11394.0,4642,2.9981,2.45,False,True,Mismatch
LT,Mar 2014,14086.0,6494,2.375,2.17,False,True,Mismatch
LT,Mar 2015,15684.0,7266,2.3543,2.16,False,True,Mismatch
LT,Mar 2016,15486.0,6899,2.4214,2.24,False,True,Mismatch
LT,Mar 2017,16620.0,6829,2.6484,2.43,False,True,Mismatch
LT,Mar 2018,20111.0,7714,2.797,2.61,False,True,Mismatch
LT,Mar 2019,22866.0,9339,2.7377,2.45,False,True,Mismatch
LT,Mar 2020,24553.0,11021,2.5014,2.23,False,True,Mismatch
LT,Mar 2021,23460.0,11750,2.6869,2.0,False,True,Mismatch
LT,Mar 2022,24314.0,9235,2.8888,2.63,False,True,Mismatch
LT,Mar 2023,27166.0,9445,3.1823,2.88,False,True,Mismatch
LT,Mar 2024,29865.0,9512,3.5442,3.14,False,True,Mismatch
LT,TTM,30815.0,9420,,3.27,False,False,Source unavailable
LTIM,Mar 2013,870.0,21,42.4762,41.43,False,True,Mismatch
LTIM,Mar 2014,1147.0,31,44.0,37.0,False,True,Mismatch
LTIM,Mar 2015,1005.0,10,110.4,100.5,False,True,Mismatch
LTIM,Mar 2016,1028.0,6,202.5,171.33,False,True,Mismatch
LTIM,Mar 2017,1230.0,3,472.3333,410.0,False,True,Mismatch
LTIM,Mar 2018,1187.0,16,100.8125,74.19,False,True,Mismatch
LTIM,Mar 2019,1883.0,11,198.6364,171.18,False,True,Mismatch
LTIM,Mar 2020,2029.0,83,28.4096,24.45,False,True,Mismatch
LTIM,Mar 2021,2725.0,79,37.962,34.49,False,True,Mismatch
LTIM,Mar 2022,5249.0,123,48.9024,42.67,False,True,Mismatch
LTIM,Mar 2023,6108.0,150,44.4333,40.72,False,True,Mismatch
LTIM,Mar 2024,6387.0,222,31.9324,28.77,False,True,Mismatch
LTIM,TTM,6434.0,280,,22.98,False,False,Source unavailable
M&M,Mar 2013,9116.0,2297,4.3348,3.97,False,True,Mismatch
M&M,Mar 2014,10170.0,2954,3.7045,3.44,False,True,Mismatch
M&M,Mar 2015,8793.0,3157,3.0386,2.79,False,True,Mismatch
M&M,Mar 2016,10082.0,3368,3.4088,2.99,False,True,Mismatch
M&M,Mar 2017,10735.0,3647,3.513,2.94,False,True,Mismatch
M&M,Mar 2018,13226.0,3987,4.4123,3.32,False,True,Mismatch
M&M,Mar 2019,15207.0,5021,3.5616,3.03,False,True,Mismatch
M&M,Mar 2020,10158.0,6021,1.8341,1.69,False,True,Mismatch
M&M,Mar 2021,11487.0,6102,2.0713,1.88,False,True,Mismatch
M&M,Mar 2022,14683.0,5018,3.5646,2.93,False,True,Mismatch
M&M,Mar 2023,20285.0,5830,4.1588,3.48,False,True,Mismatch
M&M,Mar 2024,24892.0,7488,3.7647,3.32,False,True,Mismatch
M&M,TTM,27204.0,8259,,3.29,False,False,Source unavailable
MARUTI,Mar 2013,4361.0,198,26.0505,22.03,False,True,Mismatch
MARUTI,Mar 2014,5310.0,184,32.7935,28.86,False,True,Mismatch
MARUTI,Mar 2015,6892.0,218,35.3624,31.61,False,True,Mismatch
MARUTI,Mar 2016,9024.0,82,127.9024,110.05,False,True,Mismatch
MARUTI,Mar 2017,10421.0,89,144.0449,117.09,False,True,Mismatch
MARUTI,Mar 2018,12118.0,346,41.2514,35.02,False,True,Mismatch
MARUTI,Mar 2019,11056.0,76,180.5263,145.47,False,True,Mismatch
MARUTI,Mar 2020,7355.0,134,80.3358,54.89,False,True,Mismatch
MARUTI,Mar 2021,5411.0,102,82.9118,53.05,False,True,Mismatch
MARUTI,Mar 2022,5752.0,127,59.9449,45.29,False,True,Mismatch
MARUTI,Mar 2023,13122.0,252,61.6548,52.07,False,True,Mismatch
MARUTI,Mar 2024,18626.0,194,117.9072,96.01,False,True,Mismatch
MARUTI,TTM,19766.0,212,,93.24,False,False,Source unavailable
MOTHERSON,Mar 2013,1480.0,250,7.192,5.92,False,True,Mismatch
MOTHERSON,Mar 2014,2397.0,294,9.2109,8.15,False,True,Mismatch
MOTHERSON,Mar 2015,2844.0,318,9.6101,8.94,False,True,Mismatch
MOTHERSON,Mar 2016,3548.0,345,10.7971,10.28,False,True,Mismatch
MOTHERSON,Mar 2017,4171.0,375,12.0453,11.12,False,True,Mismatch
MOTHERSON,Mar 2018,5128.0,411,12.781,12.48,False,True,Mismatch
MOTHERSON,Mar 2019,5348.0,423,13.4303,12.64,False,True,Mismatch
MOTHERSON,Mar 2020,4654.0,593,8.9309,7.85,False,True,Mismatch
MOTHERSON,Mar 2021,4370.0,512,9.6445,8.54,False,True,Mismatch
MOTHERSON,Mar 2022,4714.0,543,9.7403,8.68,False,True,Mismatch
MOTHERSON,Mar 2023,6251.0,781,8.0935,8.0,False,True,Mismatch
MOTHERSON,Mar 2024,9322.0,1811,5.2247,5.15,False,True,Mismatch
MOTHERSON,TTM,10474.0,2061,,5.08,False,False,Source unavailable
NAUKRI,Mar 2013,121.0,3,48.3333,40.33,False,True,Mismatch
NAUKRI,Mar 2014,97.0,3,48.3333,32.33,False,True,Mismatch
NAUKRI,Mar 2015,21.0,4,27.5,5.25,False,True,Mismatch
NAUKRI,Mar 2016,91.0,3,67.3333,30.33,False,True,Mismatch
NAUKRI,Mar 2017,-9.0,4,10.25,-2.25,False,True,Mismatch
NAUKRI,Mar 2018,219.0,5,124.0,43.8,False,True,Mismatch
NAUKRI,Mar 2019,9.0,7,106.5714,1.29,False,True,Mismatch
NAUKRI,Mar 2020,-350.0,14,-4.5714,-25.0,False,True,Mismatch
NAUKRI,Mar 2021,74.0,11,150.7273,6.73,False,True,Mismatch
NAUKRI,Mar 2022,446.0,11,1296.0,40.55,False,True,Mismatch
NAUKRI,Mar 2023,348.0,18,12.8889,19.33,False,True,Mismatch
NAUKRI,Mar 2024,711.0,35,28.9714,20.31,False,True,Mismatch
NAUKRI,TTM,751.0,22,,34.14,False,False,Source unavailable
NESTLEIND,Dec 2013,1948.0,37,55.2703,52.65,False,True,Mismatch
NESTLEIND,Dec 2014,2039.0,14,151.8571,145.64,False,True,Mismatch
NESTLEIND,Dec 2015,1555.0,3,388.0,518.33,False,True,Mismatch
NESTLEIND,Dec 2016,1850.0,91,21.8681,20.33,False,True,Mismatch
NESTLEIND,Dec 2017,2097.0,92,24.7174,22.79,False,True,Mismatch
NESTLEIND,Dec 2018,2618.0,112,25.6875,23.38,False,True,Mismatch
NESTLEIND,Dec 2019,2926.0,129,24.5969,22.68,False,True,Mismatch
NESTLEIND,Dec 2020,3202.0,164,20.4146,19.52,False,True,Mismatch
NESTLEIND,Dec 2021,3562.0,202,17.0792,17.63,False,True,Mismatch
NESTLEIND,Dec 2022,3706.0,155,24.6,23.91,False,True,Mismatch
NESTLEIND,Dec 2023,4471.0,119,38.5462,37.57,False,True,Mismatch
NESTLEIND,Mar 2024,5813.0,145,41.1862,40.09,False,True,Mismatch
NESTLEIND,TTM,4726.0,113,,41.82,False,False,Source unavailable
NHPC,Mar 2013,4152.0,611,9.4059,6.8,False,True,Mismatch
NHPC,Mar 2014,4342.0,1203,4.3483,3.61,False,True,Mismatch
NHPC,Mar 2015,5134.0,1296,5.1937,3.96,False,True,Mismatch
NHPC,Mar 2016,4783.0,1160,5.1353,4.12,False,True,Mismatch
NHPC,Mar 2017,4884.0,1133,6.2921,4.31,False,True,Mismatch
NHPC,Mar 2018,4248.0,924,5.8799,4.6,False,True,Mismatch
NHPC,Mar 2019,4981.0,896,7.4933,5.56,False,True,Mismatch
NHPC,Mar 2020,5446.0,877,6.5644,6.21,False,True,Mismatch
NHPC,Mar 2021,5277.0,577,11.0295,9.15,False,True,Mismatch
NHPC,Mar 2022,4013.0,586,8.5222,6.85,False,True,Mismatch
NHPC,Mar 2023,6184.0,475,14.5832,13.02,False,True,Mismatch
NHPC,Mar 2024,4807.0,608,11.2434,7.91,False,True,Mismatch
NHPC,TTM,5015.0,718,,6.98,False,False,Source unavailable
NTPC,Mar 2013,18149.0,2491,9.2035,7.29,False,True,Mismatch
NTPC,Mar 2014,19727.0,3263,6.9013,6.05,False,True,Mismatch
NTPC,Mar 2015,17352.0,3669,5.3666,4.73,False,True,Mismatch
NTPC,Mar 2016,18568.0,3366,5.8693,5.52,False,True,Mismatch
NTPC,Mar 2017,21598.0,3753,6.1791,5.75,False,True,Mismatch
NTPC,Mar 2018,22485.0,4447,6.3101,5.06,False,True,Mismatch
NTPC,Mar 2019,22710.0,5605,4.5545,4.05,False,True,Mismatch
NTPC,Mar 2020,31586.0,8189,4.8596,3.86,False,True,Mismatch
NTPC,Mar 2021,34044.0,9224,4.2351,3.69,False,True,Mismatch
NTPC,Mar 2022,40362.0,9376,4.8177,4.3,False,True,Mismatch
NTPC,Mar 2023,47596.0,11447,4.3817,4.16,False,True,Mismatch
NTPC,Mar 2024,51456.0,12301,4.605,4.18,False,True,Mismatch
NTPC,TTM,52392.0,12475,,4.2,False,False,Source unavailable
ONGC,Mar 2013,43501.0,484,101.2169,89.88,False,True,Mismatch
ONGC,Mar 2014,49130.0,624,90.2244,78.73,False,True,Mismatch
ONGC,Mar 2015,42312.0,2864,16.853,14.77,False,True,Mismatch
ONGC,Mar 2016,39135.0,3766,10.675,10.39,False,True,Mismatch
ONGC,Mar 2017,52804.0,3591,18.2478,14.7,False,True,Mismatch
ONGC,Mar 2018,56889.0,4999,13.4663,11.38,False,True,Mismatch
ONGC,Mar 2019,74819.0,5837,14.4571,12.82,False,True,Mismatch
ONGC,Mar 2020,52105.0,7489,7.0887,6.96,False,True,Mismatch
ONGC,Mar 2021,49473.0,5079,11.9598,9.74,False,True,Mismatch
ONGC,Mar 2022,79874.0,5696,15.2161,14.02,False,True,Mismatch
ONGC,Mar 2023,75527.0,7889,9.5699,9.57,True,True,Match
ONGC,Mar 2024,102835.0,10194,11.3613,10.09,False,True,Mismatch
ONGC,TTM,85870.0,12592,,6.82,False,False,Source unavailable
PFC,Mar 2013,5987.0,10995,0.5456,0.54,False,True,Mismatch
PFC,Mar 2014,7607.0,13053,0.5845,0.58,True,True,Match
PFC,Mar 2015,8429.0,15456,0.547,0.55,True,True,Match
PFC,Mar 2016,9162.0,16657,0.5515,0.55,True,True,Match
PFC,Mar 2017,5275.0,16768,0.3164,0.31,False,True,Mismatch
PFC,Mar 2018,11752.0,30289,0.3894,0.39,True,True,Match
PFC,Mar 2019,17783.0,34627,0.5163,0.51,False,True,Mismatch
PFC,Mar 2020,14012.0,40845,0.3456,0.34,False,True,Mismatch
PFC,Mar 2021,19871.0,44684,0.4457,0.44,False,True,Mismatch
PFC,Mar 2022,23338.0,44709,0.5238,0.52,True,True,Match
PFC,Mar 2023,26501.0,47017,0.5646,0.56,True,True,Match
PFC,Mar 2024,33573.0,57962,0.5804,0.58,True,True,Match
PFC,TTM,35764.0,61505,,0.58,False,False,Source unavailable
PIDILITIND,Mar 2013,558.0,16,41.5625,34.88,False,True,Mismatch
PIDILITIND,Mar 2014,672.0,16,44.375,42.0,False,True,Mismatch
PIDILITIND,Mar 2015,771.0,16,50.6875,48.19,False,True,Mismatch
PIDILITIND,Mar 2016,1173.0,13,96.4615,90.23,False,True,Mismatch
PIDILITIND,Mar 2017,1262.0,14,98.3571,90.14,False,True,Mismatch
PIDILITIND,Mar 2018,1341.0,16,93.375,83.81,False,True,Mismatch
PIDILITIND,Mar 2019,1371.0,26,57.7308,52.73,False,True,Mismatch
PIDILITIND,Mar 2020,1576.0,34,49.2059,46.35,False,True,Mismatch
PIDILITIND,Mar 2021,1686.0,37,47.5676,45.57,False,True,Mismatch
PIDILITIND,Mar 2022,1856.0,42,45.119,44.19,False,True,Mismatch
PIDILITIND,Mar 2023,1986.0,48,42.5208,41.38,False,True,Mismatch
PIDILITIND,Mar 2024,2708.0,51,54.3333,53.1,False,True,Mismatch
PIDILITIND,TTM,2952.0,49,,60.24,False,False,Source unavailable
PNB,Mar 2013,,27802,,,False,False,Source unavailable
PNB,Mar 2014,,28220,,,False,False,Source unavailable
PNB,Mar 2015,,31343,,,False,False,Source unavailable
PNB,Mar 2016,,34331,,,False,False,Source unavailable
PNB,Mar 2017,,32722,,,False,False,Source unavailable
PNB,Mar 2018,,33530,,,False,False,Source unavailable
PNB,Mar 2019,,34656,,,False,False,Source unavailable
PNB,Mar 2020,,36997,,,False,False,Source unavailable
PNB,Mar 2021,,50805,,,False,False,Source unavailable
PNB,Mar 2022,,46823,,,False,False,Source unavailable
PNB,Mar 2023,,51817,,,False,False,Source unavailable
PNB,Mar 2024,,68534,,,False,False,Source unavailable
PNB,TTM,,73977,,,False,False,Source unavailable
POWERGRID,Mar 2013,10837.0,2599,4.5414,4.17,False,True,Mismatch
POWERGRID,Mar 2014,12967.0,3254,4.2077,3.98,False,True,Mismatch
POWERGRID,Mar 2015,14927.0,4081,3.8368,3.66,False,True,Mismatch
POWERGRID,Mar 2016,18184.0,5086,3.7043,3.58,False,True,Mismatch
POWERGRID,Mar 2017,22450.0,6204,3.769,3.62,False,True,Mismatch
POWERGRID,Mar 2018,25961.0,7324,4.0997,3.54,False,True,Mismatch
POWERGRID,Mar 2019,26920.0,8737,3.2534,3.08,False,True,Mismatch
POWERGRID,Mar 2020,32886.0,9509,3.755,3.46,False,True,Mismatch
POWERGRID,Mar 2021,34906.0,8135,4.3854,4.29,False,True,Mismatch
POWERGRID,Mar 2022,35826.0,8036,5.0421,4.46,False,True,Mismatch
POWERGRID,Mar 2023,39576.0,9634,4.2214,4.11,False,True,Mismatch
POWERGRID,Mar 2024,39826.0,8773,4.603,4.54,False,True,Mismatch
POWERGRID,TTM,39235.0,8854,,4.43,False,False,Source unavailable
RECLTD,Mar 2013,13270.0,8083,1.6422,1.64,True,True,Match
RECLTD,Mar 2014,16650.0,10035,1.6598,1.66,True,True,Match
RECLTD,Mar 2015,19395.0,11840,1.6386,1.64,True,True,Match
RECLTD,Mar 2016,22445.0,14282,1.5718,1.57,True,True,Match
RECLTD,Mar 2017,22450.0,13462,1.6694,1.67,True,True,Match
RECLTD,Mar 2018,19279.0,13333,1.4473,1.45,True,True,Match
RECLTD,Mar 2019,23705.0,15639,1.5179,1.52,True,True,Match
RECLTD,Mar 2020,25961.0,18991,1.3708,1.37,True,True,Match
RECLTD,Mar 2021,32265.0,21489,1.5022,1.5,True,True,Match
RECLTD,Mar 2022,34438.0,22051,1.5646,1.56,True,True,Match
RECLTD,Mar 2023,37628.0,23733,1.5867,1.59,True,True,Match
RECLTD,Mar 2024,47883.0,29948,1.6005,1.6,True,True,Match
RECLTD,TTM,50860.0,32075,,1.59,False,False,Source unavailable
RELIANCE,Mar 2013,33155.0,3463,11.814,9.57,False,True,Mismatch
RELIANCE,Mar 2014,34935.0,3836,11.4181,9.11,False,True,Mismatch
RELIANCE,Mar 2015,37449.0,3316,13.8652,11.29,False,True,Mismatch
RELIANCE,Mar 2016,41781.0,3691,14.6283,11.32,False,True,Mismatch
RELIANCE,Mar 2017,46307.0,3849,14.4269,12.03,False,True,Mismatch
RELIANCE,Mar 2018,64315.0,8052,9.2131,7.99,False,True,Mismatch
RELIANCE,Mar 2019,84250.0,16495,5.6172,5.11,False,True,Mismatch
RELIANCE,Mar 2020,89266.0,22027,4.4416,4.05,False,True,Mismatch
RELIANCE,Mar 2021,80790.0,21189,4.8715,3.81,False,True,Mismatch
RELIANCE,Mar 2022,108581.0,14584,8.7892,7.45,False,True,Mismatch
RELIANCE,Mar 2023,142318.0,19571,7.8861,7.27,False,True,Mismatch
RELIANCE,Mar 2024,162498.0,23118,7.7289,7.03,False,True,Mismatch
RELIANCE,TTM,164128.0,23875,,6.87,False,False,Source unavailable
SBILIFE,Mar 2013,427.0,4,179.75,106.75,False,True,Mismatch
SBILIFE,Mar 2014,511.0,5,171.0,102.2,False,True,Mismatch
SBILIFE,Mar 2015,794.0,4,244.25,198.5,False,True,Mismatch
SBILIFE,Mar 2016,920.0,5,209.8,184.0,False,True,Mismatch
SBILIFE,Mar 2017,1068.0,5,241.4,213.6,False,True,Mismatch
SBILIFE,Mar 2018,1332.0,6,248.0,222.0,False,True,Mismatch
SBILIFE,Mar 2019,1474.0,8,217.5,184.25,False,True,Mismatch
SBILIFE,Mar 2020,1351.0,0,,,False,False,Source unavailable
SBILIFE,Mar 2021,872.0,0,,,False,False,Source unavailable
SBILIFE,Mar 2022,730.0,0,,,False,False,Source unavailable
SBILIFE,Mar 2023,122.0,10,198.4,12.2,False,True,Mismatch
SBILIFE,Mar 2024,246.0,9,240.3333,27.33,False,True,Mismatch
SBILIFE,TTM,1007.0,0,,,False,False,Source unavailable
SBIN,Mar 2013,-5124.0,106818,,-0.05,False,False,Source unavailable
SBIN,Mar 2014,-14614.0,121479,,-0.12,False,False,Source unavailable
SBIN,Mar 2015,-21879.0,133179,,-0.16,False,False,Source unavailable
SBIN,Mar 2016,-32399.0,143047,,-0.23,False,False,Source unavailable
SBIN,Mar 2017,-64334.0,149115,,-0.43,False,False,Source unavailable
SBIN,Mar 2018,-86697.0,146603,,-0.59,False,False,Source unavailable
SBIN,Mar 2019,-68649.0,155867,,-0.44,False,False,Source unavailable
SBIN,Mar 2020,-64181.0,161124,,-0.4,False,False,Source unavailable
SBIN,Mar 2021,-70715.0,156010,,-0.45,False,False,Source unavailable
SBIN,Mar 2022,-63570.0,156194,,-0.41,False,False,Source unavailable
SBIN,Mar 2023,-43439.0,189981,,-0.23,False,False,Source unavailable
SBIN,Mar 2024,-60297.0,259736,,-0.23,False,False,Source unavailable
SBIN,TTM,-59190.0,284056,,-0.21,False,False,Source unavailable
SHREECEM,Jun 2013,1561.0,193,9.057,8.09,False,True,Mismatch
SHREECEM,Jun 2014,1390.0,129,11.5814,10.78,False,True,Mismatch
SHREECEM,Jun 2015,1344.0,121,11.9504,11.11,False,True,Mismatch
SHREECEM,Mar 2016 9m,1407.0,76,,18.51,False,False,Source unavailable
SHREECEM,Mar 2017,2513.0,129,22.2868,19.48,False,True,Mismatch
SHREECEM,Mar 2018,2473.0,135,21.2,18.32,False,True,Mismatch
SHREECEM,Mar 2019,2797.0,248,11.5565,11.28,False,True,Mismatch
SHREECEM,Mar 2020,3771.0,291,13.8625,12.96,False,True,Mismatch
SHREECEM,Mar 2021,4091.0,251,17.996,16.3,False,True,Mismatch
SHREECEM,Mar 2022,3710.0,263,16.1749,14.11,False,True,Mismatch
SHREECEM,Mar 2023,2960.0,263,13.0,11.25,False,True,Mismatch
SHREECEM,Mar 2024,4518.0,258,19.8256,17.51,False,True,Mismatch
SHREECEM,TTM,4226.0,229,,18.45,False,False,Source unavailable
SHRIRAMFIN,Mar 2013,2179.0,3092,0.707,0.7,False,True,Mismatch
SHRIRAMFIN,Mar 2014,1999.0,4233,0.4732,0.47,True,True,Match
SHRIRAMFIN,Mar 2015,1691.0,4706,0.3598,0.36,True,True,Match
SHRIRAMFIN,Mar 2016,1824.0,5088,0.3591,0.36,True,True,Match
SHRIRAMFIN,Mar 2017,1972.0,5219,0.378,0.38,True,True,Match
SHRIRAMFIN,Mar 2018,3805.0,6409,0.6135,0.59,False,True,Mismatch
SHRIRAMFIN,Mar 2019,3801.0,7564,0.5052,0.5,False,True,Mismatch
SHRIRAMFIN,Mar 2020,3565.0,8313,0.4305,0.43,True,True,Match
SHRIRAMFIN,Mar 2021,3402.0,9089,0.3758,0.37,False,True,Mismatch
SHRIRAMFIN,Mar 2022,3666.0,9773,0.377,0.38,True,True,Match
SHRIRAMFIN,Mar 2023,8799.0,12987,0.6788,0.68,True,True,Match
SHRIRAMFIN,Mar 2024,10523.0,15588,0.6767,0.68,True,True,Match
SHRIRAMFIN,TTM,11416.0,17220,,0.66,False,False,Source unavailable
SIEMENS,Sep 2011,1171.0,26,56.5385,45.04,False,True,Mismatch
SIEMENS,Sep 2014,119.0,31,35.6129,3.84,False,True,Mismatch
SIEMENS,Sep 2015,998.0,30,64.7,33.27,False,True,Mismatch
SIEMENS,Sep 2016,1021.0,11,379.7273,92.82,False,True,Mismatch
SIEMENS,Sep 2017,1056.0,8,234.25,132.0,False,True,Mismatch
SIEMENS,Sep 2018,1327.0,8,200.875,165.88,False,True,Mismatch
SIEMENS,Sep 2019,1490.0,12,157.3333,124.17,False,True,Mismatch
SIEMENS,Sep 2020,1003.0,30,43.9333,33.43,False,True,Mismatch
SIEMENS,Sep 2021,1452.0,24,73.875,60.5,False,True,Mismatch
SIEMENS,Sep 2022,1860.0,36,65.1944,51.67,False,True,Mismatch
SIEMENS,Sep 2023,2487.0,23,129.6957,108.13,False,True,Mismatch
SIEMENS,Sep 2024,3104.0,60,67.15,51.73,False,True,Mismatch
SUNPHARMA,Mar 2013,4784.0,43,109.1628,111.26,False,True,Mismatch
SUNPHARMA,Mar 2014,7003.0,44,114.4318,159.16,False,True,Mismatch
SUNPHARMA,Mar 2015,7894.0,579,14.1226,13.63,False,True,Mismatch
SUNPHARMA,Mar 2016,8174.0,523,15.5488,15.63,False,True,Mismatch
SUNPHARMA,Mar 2017,10102.0,400,26.78,25.26,False,True,Mismatch
SUNPHARMA,Mar 2018,5631.0,518,10.61,10.87,False,True,Mismatch
SUNPHARMA,Mar 2019,6377.0,555,11.0252,11.49,False,True,Mismatch
SUNPHARMA,Mar 2020,6983.0,303,24.3069,23.05,False,True,Mismatch
SUNPHARMA,Mar 2021,8470.0,141,35.6099,60.07,False,True,Mismatch
SUNPHARMA,Mar 2022,10258.0,127,53.1732,80.77,False,True,Mismatch
SUNPHARMA,Mar 2023,11650.0,172,70.4012,67.73,False,True,Mismatch
SUNPHARMA,Mar 2024,13018.0,238,58.3319,54.7,False,True,Mismatch
SUNPHARMA,TTM,14059.0,239,,58.82,False,False,Source unavailable
TATACONSUM,Mar 2013,770.0,84,9.8333,9.17,False,True,Mismatch
TATACONSUM,Mar 2014,752.0,87,10.5977,8.64,False,True,Mismatch
TATACONSUM,Mar 2015,792.0,82,8.7195,9.66,False,True,Mismatch
TATACONSUM,Mar 2016,366.0,117,3.453,3.13,False,True,Mismatch
TATACONSUM,Mar 2017,791.0,43,20.4419,18.4,False,True,Mismatch
TATACONSUM,Mar 2018,839.0,52,17.5385,16.13,False,True,Mismatch
TATACONSUM,Mar 2019,786.0,78,11.6667,10.08,False,True,Mismatch
TATACONSUM,Mar 2020,1292.0,69,16.3623,18.72,False,True,Mismatch
TATACONSUM,Mar 2021,1544.0,73,22.3973,21.15,False,True,Mismatch
TATACONSUM,Mar 2022,1719.0,87,20.7701,19.76,False,True,Mismatch
TATACONSUM,Mar 2023,1856.0,130,16.8,14.28,False,True,Mismatch
TATACONSUM,Mar 2024,2284.0,87,25.3218,26.25,False,True,Mismatch
TATACONSUM,TTM,2496.0,268,,9.31,False,False,Source unavailable
TATAMOTORS,Mar 2013,24596.0,3560,6.9688,6.91,False,True,Mismatch
TATAMOTORS,Mar 2014,34853.0,4749,7.306,7.34,False,True,Mismatch
TATAMOTORS,Mar 2015,39239.0,4861,8.2191,8.07,False,True,Mismatch
TATAMOTORS,Mar 2016,38395.0,4889,7.3072,7.85,False,True,Mismatch
TATAMOTORS,Mar 2017,29589.0,4238,7.4228,6.98,False,True,Mismatch
TATAMOTORS,Mar 2018,31458.0,4682,7.9861,6.72,False,True,Mismatch
TATAMOTORS,Mar 2019,24664.0,5759,-0.3511,4.28,False,True,Mismatch
TATAMOTORS,Mar 2020,17987.0,7243,2.4974,2.48,False,True,Mismatch
TATAMOTORS,Mar 2021,32287.0,8097,2.6144,3.99,False,True,Mismatch
TATAMOTORS,Mar 2022,24720.0,9312,2.9149,2.65,False,True,Mismatch
TATAMOTORS,Mar 2023,31816.0,10225,3.7633,3.11,False,True,Mismatch
TATAMOTORS,Mar 2024,59538.0,9986,6.5302,5.96,False,True,Mismatch
TATAMOTORS,TTM,60497.0,8841,,6.84,False,False,Source unavailable
TATAPOWER,Mar 2013,5595.0,2642,2.2597,2.12,False,True,Mismatch
TATAPOWER,Mar 2014,6916.0,3440,2.077,2.01,False,True,Mismatch
TATAPOWER,Mar 2015,6301.0,3699,1.9889,1.7,False,True,Mismatch
TATAPOWER,Mar 2016,2105.0,3236,1.9051,0.65,False,True,Mismatch
TATAPOWER,Mar 2017,5473.0,3365,2.0119,1.63,False,True,Mismatch
TATAPOWER,Mar 2018,2295.0,3761,2.3613,0.61,False,True,Mismatch
TATAPOWER,Mar 2019,3070.0,4170,2.4595,0.74,False,True,Mismatch
TATAPOWER,Mar 2020,6805.0,4494,2.0216,1.51,False,True,Mismatch
TATAPOWER,Mar 2021,6921.0,4010,2.1686,1.73,False,True,Mismatch
TATAPOWER,Mar 2022,7031.0,3859,2.4662,1.82,False,True,Mismatch
TATAPOWER,Mar 2023,7728.0,4372,3.0348,1.77,False,True,Mismatch
TATAPOWER,Mar 2024,10735.0,4633,3.0544,2.32,False,True,Mismatch
TATAPOWER,TTM,11057.0,4549,,2.43,False,False,Source unavailable
TATASTEEL,Mar 2013,3965.0,3968,1.3634,1.0,False,True,Mismatch
TATASTEEL,Mar 2014,16184.0,4337,3.8967,3.73,False,True,Mismatch
TATASTEEL,Mar 2015,3409.0,4848,1.9396,0.7,False,True,Mismatch
TATASTEEL,Mar 2016,-625.0,4221,2.303,-0.15,False,True,Mismatch
TATASTEEL,Mar 2017,13144.0,5072,1.8444,2.59,False,True,Mismatch
TATASTEEL,Mar 2018,21433.0,5455,5.9269,3.93,False,True,Mismatch
TATASTEEL,Mar 2019,29318.0,7660,4.0264,3.83,False,True,Mismatch
TATASTEEL,Mar 2020,17463.0,7533,1.9354,2.32,False,True,Mismatch
TATASTEEL,Mar 2021,30504.0,7607,4.0337,4.01,False,True,Mismatch
TATASTEEL,Mar 2022,63490.0,5462,11.862,11.62,False,True,Mismatch
TATASTEEL,Mar 2023,32300.0,6299,5.3769,5.13,False,True,Mismatch
TATASTEEL,Mar 2024,22248.0,7508,2.1634,2.96,False,True,Mismatch
TATASTEEL,TTM,25314.0,7394,,3.42,False,False,Source unavailable
TCS,Mar 2013,18040.0,48,400.375,375.83,False,True,Mismatch
TCS,Mar 2014,25153.0,39,686.9231,644.95,False,True,Mismatch
TCS,Mar 2015,24482.0,104,271.1731,235.4,False,True,Mismatch
TCS,Mar 2016,30677.0,33,1023.0606,929.61,False,True,Mismatch
TCS,Mar 2017,32311.0,32,1141.625,1009.72,False,True,Mismatch
TCS,Mar 2018,32516.0,52,695.3462,625.31,False,True,Mismatch
TCS,Mar 2019,39506.0,198,221.298,199.53,False,True,Mismatch
TCS,Mar 2020,42109.0,924,50.5422,45.57,False,True,Mismatch
TCS,Mar 2021,46546.0,637,76.0785,73.07,False,True,Mismatch
TCS,Mar 2022,53057.0,784,72.7997,67.67,False,True,Mismatch
TCS,Mar 2023,59259.0,779,80.4981,76.07,False,True,Mismatch
TCS,Mar 2024,64296.0,778,87.0951,82.64,False,True,Mismatch
TCS,TTM,67591.0,795,,85.02,False,False,Source unavailable
TECHM,Mar 2013,1422.0,103,12.4369,13.81,False,True,Mismatch
TECHM,Mar 2014,4172.0,80,55.2,52.15,False,True,Mismatch
TECHM,Mar 2015,4193.0,69,62.3043,60.77,False,True,Mismatch
TECHM,Mar 2016,4260.0,97,48.5876,43.92,False,True,Mismatch
TECHM,Mar 2017,4184.0,129,38.4419,32.43,False,True,Mismatch
TECHM,Mar 2018,4710.0,162,37.821,29.07,False,True,Mismatch
TECHM,Mar 2019,6271.0,133,51.1654,47.15,False,True,Mismatch
TECHM,Mar 2020,5503.0,192,34.8698,28.66,False,True,Mismatch
TECHM,Mar 2021,6796.0,174,43.5862,39.06,False,True,Mismatch
TECHM,Mar 2022,8020.0,163,56.0429,49.2,False,True,Mismatch
TECHM,Mar 2023,7763.0,326,26.773,23.81,False,True,Mismatch
TECHM,Mar 2024,4506.0,392,13.8597,11.49,False,True,Mismatch
TECHM,TTM,6223.0,295,,21.09,False,False,Source unavailable
TITAN,Mar 2013,1014.0,51,21.8235,19.88,False,True,Mismatch
TITAN,Mar 2014,1047.0,87,13.3793,12.03,False,True,Mismatch
TITAN,Mar 2015,1153.0,81,15.0617,14.23,False,True,Mismatch
TITAN,Mar 2016,939.0,42,24.0,22.36,False,True,Mismatch
TITAN,Mar 2017,1164.0,38,29.5263,30.63,False,True,Mismatch
TITAN,Mar 2018,1644.0,53,32.3396,31.02,False,True,Mismatch
TITAN,Mar 2019,1994.0,53,40.9811,37.62,False,True,Mismatch
TITAN,Mar 2020,2463.0,166,15.759,14.84,False,True,Mismatch
TITAN,Mar 2021,1725.0,203,9.3842,8.5,False,True,Mismatch
TITAN,Mar 2022,3344.0,218,16.1514,15.34,False,True,Mismatch
TITAN,Mar 2023,4882.0,300,17.2933,16.27,False,True,Mismatch
TITAN,Mar 2024,5292.0,619,9.412,8.55,False,True,Mismatch
TITAN,TTM,5239.0,840,,6.24,False,False,Source unavailable
TORNTPHARM,Mar 2013,697.0,34,20.5294,20.5,False,True,Mismatch
TORNTPHARM,Mar 2014,955.0,59,16.7627,16.19,False,True,Mismatch
TORNTPHARM,Mar 2015,1020.0,175,7.4629,5.83,False,True,Mismatch
TORNTPHARM,Mar 2016,2733.0,184,15.0272,14.85,False,True,Mismatch
TORNTPHARM,Mar 2017,1377.0,206,7.767,6.68,False,True,Mismatch
TORNTPHARM,Mar 2018,1349.0,308,5.3506,4.38,False,True,Mismatch
TORNTPHARM,Mar 2019,1983.0,504,3.3393,3.93,False,True,Mismatch
TORNTPHARM,Mar 2020,2170.0,451,5.0798,4.81,False,True,Mismatch
TORNTPHARM,Mar 2021,2480.0,353,7.187,7.03,False,True,Mismatch
TORNTPHARM,Mar 2022,2431.0,255,8.4039,9.53,False,True,Mismatch
TORNTPHARM,Mar 2023,2842.0,333,8.6697,8.53,False,True,Mismatch
TORNTPHARM,Mar 2024,3368.0,354,9.9266,9.51,False,True,Mismatch
TORNTPHARM,TTM,3640.0,276,,13.19,False,False,Source unavailable
TRENT,Mar 2013,5.0,29,2.1724,0.17,False,True,Mismatch
TRENT,Mar 2014,-10.0,26,3.1154,-0.38,False,True,Mismatch
TRENT,Mar 2015,88.0,22,13.4545,4.0,False,True,Mismatch
TRENT,Mar 2016,90.0,48,3.6667,1.88,False,True,Mismatch
TRENT,Mar 2017,134.0,46,4.6739,2.91,False,True,Mismatch
TRENT,Mar 2018,208.0,44,5.3409,4.73,False,True,Mismatch
TRENT,Mar 2019,241.0,51,5.3137,4.73,False,True,Mismatch
TRENT,Mar 2020,529.0,263,2.5703,2.01,False,True,Mismatch
TRENT,Mar 2021,114.0,261,1.1992,0.44,False,True,Mismatch
TRENT,Mar 2022,595.0,325,2.2985,1.83,False,True,Mismatch
TRENT,Mar 2023,1114.0,409,3.5575,2.72,False,True,Mismatch
TRENT,Mar 2024,1971.0,368,8.0435,5.36,False,True,Mismatch
TRENT,TTM,2354.0,196,,12.01,False,False,Source unavailable
TVSMOTOR,Mar 2013,438.0,103,5.5146,4.25,False,True,Mismatch
TVSMOTOR,Mar 2014,492.0,80,6.7,6.15,False,True,Mismatch
TVSMOTOR,Mar 2015,605.0,62,11.0484,9.76,False,True,Mismatch
TVSMOTOR,Mar 2016,819.0,70,13.0286,11.7,False,True,Mismatch
TVSMOTOR,Mar 2017,871.0,60,17.2333,14.52,False,True,Mismatch
TVSMOTOR,Mar 2018,1571.0,338,4.858,4.65,False,True,Mismatch
TVSMOTOR,Mar 2019,2163.0,663,3.3002,3.26,False,True,Mismatch
TVSMOTOR,Mar 2020,2264.0,855,2.662,2.65,False,True,Mismatch
TVSMOTOR,Mar 2021,2232.0,881,2.5743,2.53,False,True,Mismatch
TVSMOTOR,Mar 2022,2755.0,940,2.9255,2.93,True,True,Match
TVSMOTOR,Mar 2023,4027.0,1368,3.0431,2.94,False,True,Mismatch
TVSMOTOR,Mar 2024,5500.0,1928,2.9077,2.85,False,True,Mismatch
TVSMOTOR,TTM,6190.0,2064,,3.0,False,False,Source unavailable
ULTRACEMCO,Mar 2013,4839.0,252,20.4087,19.2,False,True,Mismatch
ULTRACEMCO,Mar 2014,4035.0,361,12.0693,11.18,False,True,Mismatch
ULTRACEMCO,Mar 2015,4425.0,587,8.1346,7.54,False,True,Mismatch
ULTRACEMCO,Mar 2016,4901.0,566,9.4788,8.66,False,True,Mismatch
ULTRACEMCO,Mar 2017,5212.0,640,9.1562,8.14,False,True,Mismatch
ULTRACEMCO,Mar 2018,6145.0,1238,5.1591,4.96,False,True,Mismatch
ULTRACEMCO,Mar 2019,7347.0,1778,4.329,4.13,False,True,Mismatch
ULTRACEMCO,Mar 2020,9246.0,1992,4.9684,4.64,False,True,Mismatch
ULTRACEMCO,Mar 2021,11568.0,1486,8.2012,7.78,False,True,Mismatch
ULTRACEMCO,Mar 2022,11514.0,945,12.8921,12.18,False,True,Mismatch
ULTRACEMCO,Mar 2023,10620.0,823,13.52,12.9,False,True,Mismatch
ULTRACEMCO,Mar 2024,12969.0,968,13.9835,13.4,False,True,Mismatch
ULTRACEMCO,TTM,12056.0,1216,,9.91,False,False,Source unavailable
UNIONBANK,Mar 2013,325.0,17575,0.1817,0.02,False,True,Mismatch
UNIONBANK,Mar 2014,-902.0,21467,0.1043,-0.04,False,True,Mismatch
UNIONBANK,Mar 2015,-973.0,23640,0.1262,-0.04,False,True,Mismatch
UNIONBANK,Mar 2016,-1928.0,23894,0.084,-0.08,False,True,Mismatch
UNIONBANK,Mar 2017,-4830.0,23771,0.0252,-0.2,False,True,Mismatch
UNIONBANK,Mar 2018,-11700.0,23471,-0.2658,-0.5,False,True,Mismatch
UNIONBANK,Mar 2019,-8601.0,23896,-0.1489,-0.36,False,True,Mismatch
UNIONBANK,Mar 2020,-9523.0,25837,-0.1445,-0.37,False,True,Mismatch
UNIONBANK,Mar 2021,-11071.0,44112,0.0734,-0.25,False,True,Mismatch
UNIONBANK,Mar 2022,-4213.0,40178,0.2317,-0.1,False,True,Mismatch
UNIONBANK,Mar 2023,-3024.0,48033,0.2684,-0.06,False,True,Mismatch
UNIONBANK,Mar 2024,4590.0,63364,0.3536,0.07,False,True,Mismatch
UNIONBANK,TTM,2090.0,69454,,0.03,False,False,Source unavailable
UNITDSPR,Mar 2013,1091.0,985,,1.11,False,False,Source unavailable
UNITDSPR,Mar 2014,-3368.0,1323,,-2.55,False,False,Source unavailable
UNITDSPR,Mar 2015,-366.0,687,,-0.53,False,False,Source unavailable
UNITDSPR,Mar 2016,333.0,457,,0.73,False,False,Source unavailable
UNITDSPR,Mar 2017,991.0,375,,2.64,False,False,Source unavailable
UNITDSPR,Mar 2018,1209.0,278,,4.35,False,False,Source unavailable
UNITDSPR,Mar 2019,1394.0,237,,5.88,False,False,Source unavailable
UNITDSPR,Mar 2020,1569.0,212,,7.4,False,False,Source unavailable
UNITDSPR,Mar 2021,1051.0,188,,5.59,False,False,Source unavailable
UNITDSPR,Mar 2022,1595.0,88,,18.12,False,False,Source unavailable
UNITDSPR,Mar 2023,1417.0,104,,13.62,False,False,Source unavailable
UNITDSPR,Mar 2024,2000.0,76,,26.32,False,False,Source unavailable
UNITDSPR,TTM,2111.0,96,,21.99,False,False,Source unavailable
VBL,Dec 2012,228.0,116,,1.97,False,False,Source unavailable
VBL,Dec 2013,291.0,171,,1.7,False,False,Source unavailable
VBL,Dec 2014,387.0,187,,2.07,False,False,Source unavailable
VBL,Dec 2015,642.0,170,,3.78,False,False,Source unavailable
VBL,Dec 2016,810.0,435,,1.86,False,False,Source unavailable
VBL,Dec 2017,838.0,215,,3.9,False,False,Source unavailable
VBL,Dec 2018,1036.0,223,,4.65,False,False,Source unavailable
VBL,Dec 2019,1462.0,324,,4.51,False,False,Source unavailable
VBL,Dec 2020,1215.0,294,,4.13,False,False,Source unavailable
VBL,Dec 2021,1694.0,207,,8.18,False,False,Source unavailable
VBL,Dec 2022,2863.0,204,,14.03,False,False,Source unavailable
VBL,Dec 2023,3717.0,292,,12.73,False,False,Source unavailable
VBL,TTM,4549.0,415,,10.96,False,False,Source unavailable
VEDL,Mar 2013,465.0,475,,0.98,False,False,Source unavailable
VEDL,Mar 2014,19595.0,5094,,3.85,False,False,Source unavailable
VEDL,Mar 2015,22114.0,5659,,3.91,False,False,Source unavailable
VEDL,Mar 2016,-18479.0,5778,,-3.2,False,False,Source unavailable
VEDL,Mar 2017,21376.0,5855,,3.65,False,False,Source unavailable
VEDL,Mar 2018,24877.0,5112,,4.87,False,False,Source unavailable
VEDL,Mar 2019,23171.0,5689,,4.07,False,False,Source unavailable
VEDL,Mar 2020,20743.0,4977,,4.17,False,False,Source unavailable
VEDL,Mar 2021,27318.0,5210,,5.24,False,False,Source unavailable
VEDL,Mar 2022,44824.0,4797,,9.34,False,False,Source unavailable
VEDL,Mar 2023,34431.0,6225,,5.53,False,False,Source unavailable
VEDL,Mar 2024,35312.0,9465,,3.73,False,False,Source unavailable
VEDL,TTM,37072.0,9721,,3.81,False,False,Source unavailable
WIPRO,Mar 2013,7657.0,289,,26.49,False,False,Source unavailable
WIPRO,Mar 2014,9635.0,383,,25.16,False,False,Source unavailable
WIPRO,Mar 2015,10299.0,350,,29.43,False,False,Source unavailable
WIPRO,Mar 2016,10796.0,558,,19.35,False,False,Source unavailable
WIPRO,Mar 2017,11321.0,594,,19.06,False,False,Source unavailable
WIPRO,Mar 2018,10387.0,583,,17.82,False,False,Source unavailable
WIPRO,Mar 2019,11613.0,738,,15.74,False,False,Source unavailable
WIPRO,Mar 2020,12342.0,733,,16.84,False,False,Source unavailable
WIPRO,Mar 2021,14771.0,509,,29.02,False,False,Source unavailable
WIPRO,Mar 2022,16684.0,532,,31.36,False,False,Source unavailable
WIPRO,Mar 2023,16839.0,1008,,16.71,False,False,Source unavailable
WIPRO,Mar 2024,16752.0,1255,,13.35,False,False,Source unavailable
WIPRO,TTM,17773.0,1431,,12.42,False,False,Source unavailable
ZOMATO,Mar 2018,-92.0,6,,-15.33,False,False,Source unavailable
ZOMATO,Mar 2019,-2243.0,9,,-249.22,False,False,Source unavailable
ZOMATO,Mar 2020,-2305.0,13,,-177.31,False,False,Source unavailable
ZOMATO,Mar 2021,-467.0,10,,-46.7,False,False,Source unavailable
ZOMATO,Mar 2022,-1851.0,12,,-154.25,False,False,Source unavailable
ZOMATO,Mar 2023,-1211.0,49,,-24.71,False,False,Source unavailable
ZOMATO,Mar 2024,43.0,72,,0.6,False,False,Source unavailable
ZOMATO,TTM,651.0,118,,5.52,False,False,Source unavailable
ZYDUSLIFE,Mar 2013,1130.0,169,,6.69,False,False,Source unavailable
ZYDUSLIFE,Mar 2014,1203.0,90,,13.37,False,False,Source unavailable
ZYDUSLIFE,Mar 2015,1756.0,68,,25.82,False,False,Source unavailable
ZYDUSLIFE,Mar 2016,2332.0,53,,44.0,False,False,Source unavailable
ZYDUSLIFE,Mar 2017,1902.0,45,,42.27,False,False,Source unavailable
ZYDUSLIFE,Mar 2018,2831.0,91,,31.11,False,False,Source unavailable
ZYDUSLIFE,Mar 2019,2991.0,194,,15.42,False,False,Source unavailable
ZYDUSLIFE,Mar 2020,2798.0,342,,8.18,False,False,Source unavailable
ZYDUSLIFE,Mar 2021,3391.0,159,,21.33,False,False,Source unavailable
ZYDUSLIFE,Mar 2022,3342.0,127,,26.31,False,False,Source unavailable
ZYDUSLIFE,Mar 2023,3860.0,130,,29.69,False,False,Source unavailable
ZYDUSLIFE,Mar 2024,5384.0,81,,66.47,False,False,Source unavailable
ZYDUSLIFE,TTM,6278.0,112,,56.05,False,False,Source unavailable
INDIGO,Mar 2013,8348.0,296,28.2331,28.2,False,True,Mismatch
INDIGO,Mar 2014,10684.0,391,27.335,27.32,False,True,Mismatch
INDIGO,Mar 2015,12022.0,395,30.4709,30.44,False,True,Mismatch
INDIGO,Mar 2016,12976.0,515,25.235,25.2,False,True,Mismatch
INDIGO,Mar 2017,16362.0,789,20.7529,20.74,False,True,Mismatch
INDIGO,Mar 2018,19991.0,947,21.1235,21.11,False,True,Mismatch
INDIGO,Mar 2019,28648.0,1325,21.6204,21.62,True,True,Match
INDIGO,Mar 2020,31687.0,1531,20.7041,20.7,True,True,Match
INDIGO,Mar 2021,14638.0,1036,14.1293,14.13,True,True,Match
INDIGO,Mar 2022,25373.0,725,35.0,35.0,True,True,Match
INDIGO,Mar 2023,47926.0,1431,33.4997,33.49,False,True,Mismatch
INDIGO,Mar 2024,52573.0,2326,22.6126,22.6,False,True,Mismatch
INDIGO,TTM,60568.0,3034,,19.96,False,False,Source unavailable
