company_id,year,sales,operating_profit,operating_profit_margin_pct,opm_calculated,opm_match,source_available,validation_status
ABB,Dec 2012,1653,202.0,12.0,12.22,True,True,Match
ABB,Mar 2014,2276,267.0,12.0,11.73,True,True,Match
ABB,Mar 2015,2289,312.0,14.0,13.63,True,True,Match
ABB,Mar 2016,2614,365.0,14.0,13.96,True,True,Match
ABB,Mar 2017,2903,398.0,14.0,13.71,True,True,Match
ABB,Mar 2018,3298,525.0,16.0,15.92,True,True,Match
ABB,Mar 2019,3679,605.0,16.0,16.44,True,True,Match
ABB,Mar 2020,4093,757.0,18.0,18.49,True,True,Match
ABB,Mar 2021,4310,922.0,21.0,21.39,True,True,Match
ABB,Mar 2022,4913,1082.0,22.0,22.02,True,True,Match
ABB,Mar 2023,5349,1206.0,23.0,22.55,True,True,Match
ABB,Mar 2024,5849,1453.0,25.0,24.84,True,True,Match
ABB,TTM,6066,1547.0,,25.5,False,False,Source unavailable
ADANIENSOL,Mar 2014,0,0.0,,,False,False,Source unavailable
ADANIENSOL,Mar 2015,131,101.0,78.0,77.1,False,True,Mismatch
ADANIENSOL,Mar 2016,2194,1927.0,88.0,87.83,True,True,Match
ADANIENSOL,Mar 2017,2876,1983.0,69.0,68.95,True,True,Match
ADANIENSOL,Mar 2018,3944,2826.0,72.0,71.65,True,True,Match
ADANIENSOL,Mar 2019,7305,2778.0,38.0,38.03,True,True,Match
ADANIENSOL,Mar 2020,11416,4258.0,37.0,37.3,True,True,Match
ADANIENSOL,Mar 2021,9926,3950.0,40.0,39.79,True,True,Match
ADANIENSOL,Mar 2022,11258,4206.0,37.0,37.36,True,True,Match
ADANIENSOL,Mar 2023,13293,4518.0,34.0,33.99,True,True,Match
ADANIENSOL,Mar 2024,16607,5711.0,30.0,34.39,False,True,Mismatch
ADANIENSOL,TTM,22099,6592.0,,29.83,False,False,Source unavailable
ADANIENT,Mar 2013,46375,6021.0,13.0,12.98,True,True,Match
ADANIENT,Mar 2014,54947,9383.0,17.0,17.08,True,True,Match
ADANIENT,Mar 2015,64465,12450.0,19.0,19.31,True,True,Match
ADANIENT,Mar 2016,34008,1684.0,5.0,4.95,True,True,Match
ADANIENT,Mar 2017,36533,1902.0,5.0,5.21,True,True,Match
ADANIENT,Mar 2018,35924,2038.0,6.0,5.67,True,True,Match
ADANIENT,Mar 2019,40379,1969.0,5.0,4.88,True,True,Match
ADANIENT,Mar 2020,43403,2294.0,5.0,5.29,True,True,Match
ADANIENT,Mar 2021,39537,2506.0,6.0,6.34,True,True,Match
ADANIENT,Mar 2022,69420,3714.0,5.0,5.35,True,True,Match
ADANIENT,Mar 2023,127540,8818.0,7.0,6.91,True,True,Match
ADANIENT,Mar 2024,96421,11377.0,12.0,11.8,True,True,Match
ADANIENT,TTM,102311,13893.0,,13.58,False,False,Source unavailable
ADANIGREEN,Mar 2017,502,403.0,80.0,80.28,True,True,Match
ADANIGREEN,Mar 2018,1480,843.0,57.0,56.96,True,True,Match
ADANIGREEN,Mar 2019,2058,1526.0,74.0,74.15,True,True,Match
ADANIGREEN,Mar 2020,2549,1450.0,57.0,56.89,True,True,Match
ADANIGREEN,Mar 2021,3124,2241.0,72.0,71.73,True,True,Match
ADANIGREEN,Mar 2022,5133,3512.0,68.0,68.42,True,True,Match
ADANIGREEN,Mar 2023,7776,4970.0,64.0,63.91,True,True,Match
ADANIGREEN,Mar 2024,9220,7318.0,79.0,79.37,True,True,Match
ADANIGREEN,TTM,10782,8100.0,,75.13,False,False,Source unavailable
ADANIPORTS,Mar 2013,3577,2382.0,67.0,66.59,True,True,Match
ADANIPORTS,Mar 2014,4830,2919.0,60.0,60.43,True,True,Match
ADANIPORTS,Mar 2015,6152,3902.0,63.0,63.43,True,True,Match
ADANIPORTS,Mar 2016,7109,4577.0,64.0,64.38,True,True,Match
ADANIPORTS,Mar 2017,8439,5418.0,64.0,64.2,True,True,Match
ADANIPORTS,Mar 2018,11323,7157.0,63.0,63.21,True,True,Match
ADANIPORTS,Mar 2019,10925,6596.0,60.0,60.38,True,True,Match
ADANIPORTS,Mar 2020,11873,5947.0,50.0,50.09,True,True,Match
ADANIPORTS,Mar 2021,12550,8688.0,69.0,69.23,True,True,Match
ADANIPORTS,Mar 2022,17119,9528.0,56.0,55.66,True,True,Match
ADANIPORTS,Mar 2023,20852,10947.0,52.0,52.5,True,True,Match
ADANIPORTS,Mar 2024,26711,15589.0,58.0,58.36,True,True,Match
ADANIPORTS,TTM,28443,17165.0,,60.35,False,False,Source unavailable
ADANIPOWER,Mar 2013,6692,960.0,14.0,14.35,True,True,Match
ADANIPOWER,Mar 2014,15328,4593.0,30.0,29.96,True,True,Match
ADANIPOWER,Mar 2015,18683,4678.0,25.0,25.04,True,True,Match
ADANIPOWER,Mar 2016,25377,8802.0,35.0,34.68,True,True,Match
ADANIPOWER,Mar 2017,22616,5980.0,26.0,26.44,True,True,Match
ADANIPOWER,Mar 2018,20304,5436.0,27.0,26.77,True,True,Match
ADANIPOWER,Mar 2019,23884,4983.0,21.0,20.86,True,True,Match
ADANIPOWER,Mar 2020,26468,5734.0,22.0,21.66,True,True,Match
ADANIPOWER,Mar 2021,26221,8688.0,33.0,33.13,True,True,Match
ADANIPOWER,Mar 2022,27711,9881.0,36.0,35.66,True,True,Match
ADANIPOWER,Mar 2023,38773,10096.0,26.0,26.04,True,True,Match
ADANIPOWER,Mar 2024,50351,18228.0,36.0,36.2,True,True,Match
ADANIPOWER,TTM,54650,20965.0,,38.36,False,False,Source unavailable
AMBUJACEM,Dec 2012,9749,2473.0,25.0,25.37,True,True,Match
AMBUJACEM,Dec 2013,9161,1669.0,18.0,18.22,True,True,Match
AMBUJACEM,Dec 2014,9955,1934.0,19.0,19.43,True,True,Match
AMBUJACEM,Dec 2015,9437,1542.0,16.0,16.34,True,True,Match
AMBUJACEM,Dec 2016,20094,3181.0,16.0,15.83,True,True,Match
AMBUJACEM,Dec 2017,23609,3858.0,16.0,16.34,True,True,Match
AMBUJACEM,Dec 2018,26041,4011.0,15.0,15.4,True,True,Match
AMBUJACEM,Dec 2019,27104,4597.0,17.0,16.96,True,True,Match
AMBUJACEM,Dec 2020,24516,5006.0,20.0,20.42,True,True,Match
AMBUJACEM,Dec 2021,28965,6210.0,21.0,21.44,True,True,Match
AMBUJACEM,Mar 2023 15,38937,5122.0,,13.15,False,False,Source unavailable
AMBUJACEM,Mar 2024,33160,6400.0,19.0,19.3,True,True,Match
AMBUJACEM,TTM,32850,5822.0,,17.72,False,False,Source unavailable
APOLLOHOSP,Mar 2013,3769,612.0,16.0,16.24,True,True,Match
APOLLOHOSP,Mar 2014,4357,676.0,16.0,15.52,True,True,Match
APOLLOHOSP,Mar 2015,5129,737.0,14.0,14.37,True,True,Match
APOLLOHOSP,Mar 2016,6150,684.0,11.0,11.12,True,True,Match
APOLLOHOSP,Mar 2017,7256,734.0,10.0,10.12,True,True,Match
APOLLOHOSP,Mar 2018,8243,801.0,10.0,9.72,True,True,Match
APOLLOHOSP,Mar 2019,9617,1070.0,11.0,11.13,True,True,Match
APOLLOHOSP,Mar 2020,11247,1591.0,14.0,14.15,True,True,Match
APOLLOHOSP,Mar 2021,10560,1140.0,11.0,10.8,True,True,Match
APOLLOHOSP,Mar 2022,14663,2189.0,15.0,14.93,True,True,Match
APOLLOHOSP,Mar 2023,16612,2065.0,12.0,12.43,True,True,Match
APOLLOHOSP,Mar 2024,19059,2394.0,13.0,12.56,True,True,Match
APOLLOHOSP,TTM,20469,2745.0,,13.41,False,False,Source unavailable
ASIANPAINT,Mar 2013,10504,1737.0,17.0,16.54,True,True,Match
ASIANPAINT,Mar 2014,12220,2004.0,16.0,16.4,True,True,Match
ASIANPAINT,Mar 2015,13615,2243.0,16.0,16.47,True,True,Match
ASIANPAINT,Mar 2016,14271,2725.0,19.0,19.09,True,True,Match
ASIANPAINT,Mar 2017,15062,2994.0,20.0,19.88,True,True,Match
ASIANPAINT,Mar 2018,16825,3204.0,19.0,19.04,True,True,Match
ASIANPAINT,Mar 2019,19240,3765.0,20.0,19.57,True,True,Match
ASIANPAINT,Mar 2020,20211,4157.0,21.0,20.57,True,True,Match
ASIANPAINT,Mar 2021,21713,4856.0,22.0,22.36,True,True,Match
ASIANPAINT,Mar 2022,29101,4804.0,17.0,16.51,True,True,Match
ASIANPAINT,Mar 2023,34489,6260.0,18.0,18.15,True,True,Match
ASIANPAINT,Mar 2024,35495,7585.0,21.0,21.37,True,True,Match
ASIANPAINT,TTM,34831,6681.0,,19.18,False,False,Source unavailable
ATGL,Mar 2018,1374,366.0,,26.64,False,False,Source unavailable
ATGL,Mar 2019,1719,455.0,,26.47,False,False,Source unavailable
ATGL,Mar 2020,1875,595.0,,31.73,False,False,Source unavailable
ATGL,Mar 2021,1696,704.0,,41.51,False,False,Source unavailable
ATGL,Mar 2022,3038,773.0,,25.44,False,False,Source unavailable
ATGL,Mar 2023,4378,870.0,,19.87,False,False,Source unavailable
ATGL,Mar 2024,4475,1104.0,,24.67,False,False,Source unavailable
ATGL,TTM,4826,1153.0,,23.89,False,False,Source unavailable
BAJAJ-AUTO,Mar 2013,20025,3656.0,18.0,18.26,True,True,Match
BAJAJ-AUTO,Mar 2014,20137,4163.0,21.0,20.67,True,True,Match
BAJAJ-AUTO,Mar 2015,21595,4128.0,19.0,19.12,True,True,Match
BAJAJ-AUTO,Mar 2016,22574,4793.0,21.0,21.23,True,True,Match
BAJAJ-AUTO,Mar 2017,21755,4429.0,20.0,20.36,True,True,Match
BAJAJ-AUTO,Mar 2018,25210,4846.0,19.0,19.22,True,True,Match
BAJAJ-AUTO,Mar 2019,30358,5198.0,17.0,17.12,True,True,Match
BAJAJ-AUTO,Mar 2020,29919,5109.0,17.0,17.08,True,True,Match
BAJAJ-AUTO,Mar 2021,27741,4938.0,18.0,17.8,True,True,Match
BAJAJ-AUTO,Mar 2022,33145,5259.0,16.0,15.87,True,True,Match
BAJAJ-AUTO,Mar 2023,36455,6465.0,18.0,17.73,True,True,Match
BAJAJ-AUTO,Mar 2024,44870,8765.0,20.0,19.53,True,True,Match
BAJAJ-AUTO,TTM,48900,9143.0,,18.7,False,False,Source unavailable
AXISBANK,Mar 2013,27183,8313.0,1353.0,30.58,False,True,Mismatch
AXISBANK,Mar 2014,30641,9644.0,2307.0,31.47,False,True,Mismatch
AXISBANK,Mar 2015,35479,11127.0,3097.0,31.36,False,True,Mismatch
AXISBANK,Mar 2016,40988,13367.0,3466.0,32.61,False,True,Mismatch
AXISBANK,Mar 2017,44542,23808.0,-5715.0,53.45,False,True,Mismatch
AXISBANK,Mar 2018,45780,28895.0,-10277.0,63.12,False,True,Mismatch
AXISBANK,Mar 2019,54986,27155.0,-5447.0,49.39,False,True,Mismatch
AXISBANK,Mar 2020,62635,35066.0,-9859.0,55.98,False,True,Mismatch
AXISBANK,Mar 2021,63346,31749.0,-2510.0,50.12,False,True,Mismatch
AXISBANK,Mar 2022,67377,29962.0,3170.0,44.47,False,True,Mismatch
AXISBANK,Mar 2023,85164,29089.0,13857.0,34.16,False,True,Mismatch
AXISBANK,Mar 2024,109369,37943.0,11952.0,34.69,False,True,Mismatch
AXISBANK,TTM,120659,44566.0,,36.94,False,False,Source unavailable
BAJAJFINSV,Mar 2013,8055,3931.0,49.0,48.8,True,True,Match
BAJAJFINSV,Mar 2014,6023,4491.0,75.0,74.56,True,True,Match
BAJAJFINSV,Mar 2015,11335,5511.0,49.0,48.62,True,True,Match
BAJAJFINSV,Mar 2016,20533,6739.0,33.0,32.82,True,True,Match
BAJAJFINSV,Mar 2017,24507,8713.0,36.0,35.55,True,True,Match
BAJAJFINSV,Mar 2018,32862,10788.0,33.0,32.83,True,True,Match
BAJAJFINSV,Mar 2019,42605,15037.0,35.0,35.29,True,True,Match
BAJAJFINSV,Mar 2020,54351,18258.0,34.0,33.59,True,True,Match
BAJAJFINSV,Mar 2021,60592,19641.0,32.0,32.42,True,True,Match
BAJAJFINSV,Mar 2022,68406,21455.0,31.0,31.36,True,True,Match
BAJAJFINSV,Mar 2023,82072,29868.0,36.0,36.39,True,True,Match
BAJAJFINSV,Mar 2024,110382,40886.0,37.0,37.04,True,True,Match
BAJAJFINSV,TTM,126263,45479.0,,36.02,False,False,Source unavailable
BAJAJHLDNG,Mar 2013,337,322.0,95.0,95.55,False,True,Mismatch
BAJAJHLDNG,Mar 2014,423,400.0,94.0,94.56,False,True,Mismatch
BAJAJHLDNG,Mar 2015,524,484.0,92.0,92.37,True,True,Match
BAJAJHLDNG,Mar 2016,470,429.0,91.0,91.28,True,True,Match
BAJAJHLDNG,Mar 2017,842,628.0,75.0,74.58,True,True,Match
BAJAJHLDNG,Mar 2018,420,355.0,85.0,84.52,True,True,Match
BAJAJHLDNG,Mar 2019,431,347.0,80.0,80.51,False,True,Mismatch
BAJAJHLDNG,Mar 2020,435,301.0,69.0,69.2,True,True,Match
BAJAJHLDNG,Mar 2021,457,352.0,77.0,77.02,True,True,Match
BAJAJHLDNG,Mar 2022,484,367.0,76.0,75.83,True,True,Match
BAJAJHLDNG,Mar 2023,522,380.0,73.0,72.8,True,True,Match
BAJAJHLDNG,Mar 2024,1702,1562.0,92.0,91.77,True,True,Match
BAJAJHLDNG,TTM,1733,1554.0,,89.67,False,False,Source unavailable
BAJFINANCE,Mar 2015,5392,1752.0,1367.0,32.49,False,True,Mismatch
BAJFINANCE,Mar 2016,7299,2354.0,1986.0,32.25,False,True,Mismatch
BAJFINANCE,Mar 2017,9970,3250.0,2867.0,32.6,False,True,Mismatch
BAJFINANCE,Mar 2018,12746,4115.0,3935.0,32.28,False,True,Mismatch
BAJFINANCE,Mar 2019,18487,5454.0,6310.0,29.5,False,True,Mismatch
BAJFINANCE,Mar 2020,26374,9159.0,7608.0,34.73,False,True,Mismatch
BAJFINANCE,Mar 2021,26673,10839.0,6314.0,40.64,False,True,Mismatch
BAJFINANCE,Mar 2022,31641,11880.0,9906.0,37.55,False,True,Mismatch
BAJFINANCE,Mar 2023,41411,12693.0,16018.0,30.65,False,True,Mismatch
BAJFINANCE,Mar 2024,54972,16099.0,19987.0,29.29,False,True,Mismatch
BAJFINANCE,TTM,62279,18943.0,,30.42,False,False,Source unavailable
BANKBARODA,Mar 2013,36442,10950.0,1006.0,30.05,False,True,Mismatch
BANKBARODA,Mar 2014,40463,12049.0,809.0,29.78,False,True,Mismatch
BANKBARODA,Mar 2015,44915,13466.0,902.0,29.98,False,True,Mismatch
BANKBARODA,Mar 2016,45799,25391.0,-11700.0,55.44,False,True,Mismatch
BANKBARODA,Mar 2017,44473,19250.0,-4372.0,43.28,False,True,Mismatch
BANKBARODA,Mar 2018,46056,26093.0,-9197.0,56.65,False,True,Mismatch
BANKBARODA,Mar 2019,52906,25815.0,-5414.0,48.79,False,True,Mismatch
BANKBARODA,Mar 2020,78895,40583.0,-11728.0,51.44,False,True,Mismatch
BANKBARODA,Mar 2021,74314,38070.0,-6957.0,51.23,False,True,Mismatch
BANKBARODA,Mar 2022,73385,37518.0,-2948.0,51.12,False,True,Mismatch
BANKBARODA,Mar 2023,94503,38231.0,6329.0,40.45,False,True,Mismatch
BANKBARODA,Mar 2024,118379,44379.0,4102.0,37.49,False,True,Mismatch
BANKBARODA,TTM,124144,46459.0,,37.42,False,False,Source unavailable
BHARTIARTL,Mar 2013,76947,22960.0,30.0,29.84,True,True,Match
BHARTIARTL,Mar 2014,85864,26512.0,31.0,30.88,True,True,Match
BHARTIARTL,Mar 2015,96101,33602.0,35.0,34.97,True,True,Match
BHARTIARTL,Mar 2016,96532,33984.0,35.0,35.2,True,True,Match
BHARTIARTL,Mar 2017,95468,35330.0,37.0,37.01,True,True,Match
BHARTIARTL,Mar 2018,82639,30079.0,36.0,36.4,True,True,Match
BHARTIARTL,Mar 2019,80780,25764.0,32.0,31.89,True,True,Match
BHARTIARTL,Mar 2020,87539,36610.0,42.0,41.82,True,True,Match
BHARTIARTL,Mar 2021,100616,45279.0,45.0,45.0,True,True,Match
BHARTIARTL,Mar 2022,116547,57534.0,49.0,49.37,True,True,Match
BHARTIARTL,Mar 2023,139145,71274.0,51.0,51.22,True,True,Match
BHARTIARTL,Mar 2024,149982,78292.0,52.0,52.2,True,True,Match
BHARTIARTL,TTM,155478,80733.0,,51.93,False,False,Source unavailable
BEL,Mar 2013,6273,669.0,11.0,10.66,True,True,Match
BEL,Mar 2014,6518,925.0,14.0,14.19,True,True,Match
BEL,Mar 2015,7093,1179.0,17.0,16.62,True,True,Match
BEL,Mar 2016,7354,1393.0,19.0,18.94,True,True,Match
BEL,Mar 2017,8656,1792.0,21.0,20.7,True,True,Match
BEL,Mar 2018,10401,2039.0,20.0,19.6,True,True,Match
BEL,Mar 2019,12164,2909.0,24.0,23.91,True,True,Match
BEL,Mar 2020,12968,2759.0,21.0,21.28,True,True,Match
BEL,Mar 2021,14109,3214.0,23.0,22.78,True,True,Match
BEL,Mar 2022,15368,3344.0,22.0,21.76,True,True,Match
BEL,Mar 2023,17734,4090.0,23.0,23.06,True,True,Match
BEL,Mar 2024,20268,5051.0,25.0,24.92,True,True,Match
BEL,TTM,21575,5708.0,,26.46,False,False,Source unavailable
BHEL,Mar 2013,48903,9483.0,19.0,19.39,True,True,Match
BHEL,Mar 2014,39561,4579.0,12.0,11.57,True,True,Match
BHEL,Mar 2015,31323,2141.0,7.0,6.84,True,True,Match
BHEL,Mar 2016,25505,-1357.0,-5.0,-5.32,True,True,Match
BHEL,Mar 2017,28465,1095.0,4.0,3.85,True,True,Match
BHEL,Mar 2018,28827,1653.0,6.0,5.73,True,True,Match
BHEL,Mar 2019,30441,2032.0,7.0,6.68,True,True,Match
BHEL,Mar 2020,21463,-133.0,-1.0,-0.62,True,True,Match
BHEL,Mar 2021,17309,-3049.0,-18.0,-17.62,True,True,Match
BHEL,Mar 2022,21211,828.0,4.0,3.9,True,True,Match
BHEL,Mar 2023,23365,1044.0,4.0,4.47,True,True,Match
BHEL,Mar 2024,23893,711.0,3.0,2.98,True,True,Match
BHEL,TTM,25833,1050.0,,4.06,False,False,Source unavailable
BOSCHLTD,Dec 2012,8659,1350.0,16.0,15.59,True,True,Match
BOSCHLTD,Dec 2013,8757,1289.0,15.0,14.72,True,True,Match
BOSCHLTD,Mar 2015,12086,1981.0,16.0,16.39,True,True,Match
BOSCHLTD,Mar 2016,9701,1878.0,19.0,19.36,True,True,Match
BOSCHLTD,Mar 2017,10435,1963.0,19.0,18.81,True,True,Match
BOSCHLTD,Mar 2018,11690,2093.0,18.0,17.9,True,True,Match
BOSCHLTD,Mar 2019,12085,2154.0,18.0,17.82,True,True,Match
BOSCHLTD,Mar 2020,9842,1483.0,15.0,15.07,True,True,Match
BOSCHLTD,Mar 2021,9718,1163.0,12.0,11.97,True,True,Match
BOSCHLTD,Mar 2022,11782,1462.0,12.0,12.41,True,True,Match
BOSCHLTD,Mar 2023,14929,1810.0,13.0,12.12,False,True,Mismatch
BOSCHLTD,Mar 2024,16727,2095.0,13.0,12.52,True,True,Match
BOSCHLTD,TTM,17150,2216.0,,12.92,False,False,Source unavailable
BPCL,Mar 2013,242181,6709.0,3.0,2.77,True,True,Match
BPCL,Mar 2014,264421,9414.0,4.0,3.56,True,True,Match
BPCL,Mar 2015,242598,9780.0,4.0,4.03,True,True,Match
BPCL,Mar 2016,187815,12971.0,7.0,6.91,True,True,Match
BPCL,Mar 2017,201251,13783.0,7.0,6.85,True,True,Match
BPCL,Mar 2018,235895,15317.0,6.0,6.49,True,True,Match
BPCL,Mar 2019,298226,15112.0,5.0,5.07,True,True,Match
BPCL,Mar 2020,284572,8975.0,3.0,3.15,True,True,Match
BPCL,Mar 2021,230171,21001.0,9.0,9.12,True,True,Match
BPCL,Mar 2022,346791,19137.0,6.0,5.52,True,True,Match
BPCL,Mar 2023,473187,10899.0,2.0,2.3,True,True,Match
BPCL,Mar 2024,448083,44082.0,10.0,9.84,True,True,Match
BPCL,TTM,445601,26554.0,,5.96,False,False,Source unavailable
BRITANNIA,Mar 2013,6185,421.0,7.0,6.81,True,True,Match
BRITANNIA,Mar 2014,6913,627.0,9.0,9.07,True,True,Match
BRITANNIA,Mar 2015,7858,870.0,11.0,11.07,True,True,Match
BRITANNIA,Mar 2016,8397,1224.0,15.0,14.58,True,True,Match
BRITANNIA,Mar 2017,9054,1278.0,14.0,14.12,True,True,Match
BRITANNIA,Mar 2018,9914,1501.0,15.0,15.14,True,True,Match
BRITANNIA,Mar 2019,11055,1732.0,16.0,15.67,True,True,Match
BRITANNIA,Mar 2020,11600,1843.0,16.0,15.89,True,True,Match
BRITANNIA,Mar 2021,13136,2509.0,19.0,19.1,True,True,Match
BRITANNIA,Mar 2022,14136,2201.0,16.0,15.57,True,True,Match
BRITANNIA,Mar 2023,16301,2831.0,17.0,17.37,True,True,Match
BRITANNIA,Mar 2024,16769,3167.0,19.0,18.89,True,True,Match
BRITANNIA,TTM,17244,3136.0,,18.19,False,False,Source unavailable
CANBK,Mar 2013,34070,7217.0,655.0,21.18,False,True,Mismatch
CANBK,Mar 2014,39570,9636.0,-672.0,24.35,False,True,Mismatch
CANBK,Mar 2015,43813,10302.0,-621.0,23.51,False,True,Mismatch
CANBK,Mar 2016,44039,17785.0,-8008.0,40.38,False,True,Mismatch
CANBK,Mar 2017,41457,15691.0,-5775.0,37.85,False,True,Mismatch
CANBK,Mar 2018,41345,25582.0,-13350.0,61.87,False,True,Mismatch
CANBK,Mar 2019,47951,27202.0,-11590.0,56.73,False,True,Mismatch
CANBK,Mar 2020,49759,26809.0,-12867.0,53.88,False,True,Mismatch
CANBK,Mar 2021,70253,43437.0,-18367.0,61.83,False,True,Mismatch
CANBK,Mar 2022,70614,41235.0,-13657.0,58.39,False,True,Mismatch
CANBK,Mar 2023,85885,42772.0,-9877.0,49.8,False,True,Mismatch
CANBK,Mar 2024,110519,46146.0,-7745.0,41.75,False,True,Mismatch
CANBK,TTM,119392,48026.0,,40.23,False,False,Source unavailable
CHOLAFIN,Mar 2013,2570,688.0,472.0,26.77,False,True,Mismatch
CHOLAFIN,Mar 2014,3279,932.0,578.0,28.42,False,True,Mismatch
CHOLAFIN,Mar 2015,3715,1061.0,696.0,28.56,False,True,Mismatch
CHOLAFIN,Mar 2016,4214,1266.0,899.0,30.04,False,True,Mismatch
CHOLAFIN,Mar 2017,4694,1322.0,1143.0,28.16,False,True,Mismatch
CHOLAFIN,Mar 2018,5559,1451.0,1451.0,26.1,False,True,Mismatch
CHOLAFIN,Mar 2019,7108,1632.0,1888.0,22.96,False,True,Mismatch
CHOLAFIN,Mar 2020,8712,2421.0,1699.0,27.79,False,True,Mismatch
CHOLAFIN,Mar 2021,9583,2913.0,2094.0,30.4,False,True,Mismatch
CHOLAFIN,Mar 2022,10148,2926.0,2924.0,28.83,False,True,Mismatch
CHOLAFIN,Mar 2023,12884,3621.0,3515.0,28.1,False,True,Mismatch
CHOLAFIN,Mar 2024,19163,5385.0,4548.0,28.1,False,True,Mismatch
CHOLAFIN,TTM,22502,6452.0,,28.67,False,False,Source unavailable
CIPLA,Mar 2013,8279,6065.0,2214.0,73.26,False,True,Mismatch
CIPLA,Mar 2014,10173,8026.0,2147.0,78.9,False,True,Mismatch
CIPLA,Mar 2015,11345,9183.0,2163.0,80.94,False,True,Mismatch
CIPLA,Mar 2016,13790,11310.0,2480.0,82.02,False,True,Mismatch
CIPLA,Mar 2017,14394,11898.0,2496.0,82.66,False,True,Mismatch
CIPLA,Mar 2018,15156,12329.0,2826.0,81.35,False,True,Mismatch
CIPLA,Mar 2019,16362,13265.0,3097.0,81.07,False,True,Mismatch
CIPLA,Mar 2020,17132,13926.0,3206.0,81.29,False,True,Mismatch
CIPLA,Mar 2021,19160,14907.0,4252.0,77.8,False,True,Mismatch
CIPLA,Mar 2022,21763,17211.0,4553.0,79.08,False,True,Mismatch
CIPLA,Mar 2023,22753,17726.0,5027.0,77.91,False,True,Mismatch
CIPLA,Mar 2024,25774,19483.0,6291.0,75.59,False,True,Mismatch
CIPLA,TTM,26981,20075.0,,74.4,False,False,Source unavailable
COALINDIA,Mar 2013,68303,50216.0,18087.0,73.52,False,True,Mismatch
COALINDIA,Mar 2014,70608,52842.0,17766.0,74.84,False,True,Mismatch
COALINDIA,Mar 2015,74120,56777.0,17343.0,76.6,False,True,Mismatch
COALINDIA,Mar 2016,77861,59147.0,18714.0,75.96,False,True,Mismatch
COALINDIA,Mar 2017,78164,65716.0,12448.0,84.07,False,True,Mismatch
COALINDIA,Mar 2018,85244,75956.0,9288.0,89.1,False,True,Mismatch
COALINDIA,Mar 2019,99586,74579.0,25007.0,74.89,False,True,Mismatch
COALINDIA,Mar 2020,96080,74500.0,21581.0,77.54,False,True,Mismatch
COALINDIA,Mar 2021,90026,71398.0,18628.0,79.31,False,True,Mismatch
COALINDIA,Mar 2022,109715,84995.0,24721.0,77.47,False,True,Mismatch
COALINDIA,Mar 2023,138252,94020.0,44232.0,68.01,False,True,Mismatch
COALINDIA,Mar 2024,142324,94352.0,47971.0,66.29,False,True,Mismatch
COALINDIA,TTM,140328,93717.0,,66.78,False,False,Source unavailable
DABUR,Mar 2013,6140,992.0,16.0,16.16,True,True,Match
DABUR,Mar 2014,7058,1162.0,16.0,16.46,True,True,Match
DABUR,Mar 2015,7795,1320.0,17.0,16.93,True,True,Match
DABUR,Mar 2016,7780,1518.0,20.0,19.51,True,True,Match
DABUR,Mar 2017,7614,1512.0,20.0,19.86,True,True,Match
DABUR,Mar 2018,7722,1617.0,21.0,20.94,True,True,Match
DABUR,Mar 2019,8515,1740.0,20.0,20.43,True,True,Match
DABUR,Mar 2020,8685,1792.0,21.0,20.63,True,True,Match
DABUR,Mar 2021,9562,2002.0,21.0,20.94,True,True,Match
DABUR,Mar 2022,10889,2252.0,21.0,20.68,True,True,Match
DABUR,Mar 2023,11530,2162.0,19.0,18.75,True,True,Match
DABUR,Mar 2024,12404,2400.0,19.0,19.35,True,True,Match
DABUR,TTM,12447,2341.0,,18.81,False,False,Source unavailable
DIVISLAB,Mar 2013,2145,816.0,38.0,38.04,True,True,Match
DIVISLAB,Mar 2014,2532,1018.0,40.0,40.21,True,True,Match
DIVISLAB,Mar 2015,3115,1173.0,38.0,37.66,True,True,Match
DIVISLAB,Mar 2016,3776,1423.0,38.0,37.69,True,True,Match
DIVISLAB,Mar 2017,4064,1450.0,36.0,35.68,True,True,Match
DIVISLAB,Mar 2018,3891,1269.0,33.0,32.61,True,True,Match
DIVISLAB,Mar 2019,4946,1874.0,38.0,37.89,True,True,Match
DIVISLAB,Mar 2020,5394,1826.0,34.0,33.85,True,True,Match
DIVISLAB,Mar 2021,6969,2867.0,41.0,41.14,True,True,Match
DIVISLAB,Mar 2022,8960,3885.0,43.0,43.36,True,True,Match
DIVISLAB,Mar 2023,7767,2370.0,31.0,30.51,True,True,Match
DIVISLAB,Mar 2024,7845,2210.0,28.0,28.17,True,True,Match
DIVISLAB,TTM,8614,2558.0,,29.7,False,False,Source unavailable
DLF,Mar 2013,7773,2633.0,34.0,33.87,True,True,Match
DLF,Mar 2014,8298,2493.0,30.0,30.04,True,True,Match
DLF,Mar 2015,7649,3014.0,39.0,39.4,True,True,Match
DLF,Mar 2016,9926,3966.0,40.0,39.96,True,True,Match
DLF,Mar 2017,8221,3446.0,42.0,41.92,True,True,Match
DLF,Mar 2018,6707,2378.0,35.0,35.46,True,True,Match
DLF,Mar 2019,8366,2148.0,26.0,25.68,True,True,Match
DLF,Mar 2020,6083,1146.0,19.0,18.84,True,True,Match
DLF,Mar 2021,5414,1469.0,27.0,27.13,True,True,Match
DLF,Mar 2022,5717,1743.0,30.0,30.49,True,True,Match
DLF,Mar 2023,5695,1726.0,30.0,30.31,True,True,Match
DLF,Mar 2024,6427,2124.0,33.0,33.05,True,True,Match
DLF,TTM,7001,1885.0,,26.92,False,False,Source unavailable
DMART,Mar 2013,3341,215.0,6.0,6.44,True,True,Match
DMART,Mar 2014,4686,341.0,7.0,7.28,True,True,Match
DMART,Mar 2015,6439,456.0,7.0,7.08,True,True,Match
DMART,Mar 2016,8584,664.0,8.0,7.74,True,True,Match
DMART,Mar 2017,11898,969.0,8.0,8.14,True,True,Match
DMART,Mar 2018,15033,1353.0,9.0,9.0,True,True,Match
DMART,Mar 2019,20005,1633.0,8.0,8.16,True,True,Match
DMART,Mar 2020,24870,2128.0,9.0,8.56,True,True,Match
DMART,Mar 2021,24143,1745.0,7.0,7.23,True,True,Match
DMART,Mar 2022,30976,2502.0,8.0,8.08,True,True,Match
DMART,Mar 2023,42840,3639.0,8.0,8.49,True,True,Match
DMART,Mar 2024,50789,4106.0,8.0,8.08,True,True,Match
DMART,TTM,57213,4476.0,,7.82,False,False,Source unavailable
DRREDDY,Mar 2013,11833,2669.0,23.0,22.56,True,True,Match
DRREDDY,Mar 2014,13415,3251.0,24.0,24.23,True,True,Match
DRREDDY,Mar 2015,15023,3508.0,23.0,23.35,True,True,Match
DRREDDY,Mar 2016,15568,3585.0,23.0,23.03,True,True,Match
DRREDDY,Mar 2017,14196,2472.0,17.0,17.41,True,True,Match
DRREDDY,Mar 2018,14281,2351.0,16.0,16.46,True,True,Match
DRREDDY,Mar 2019,15448,3178.0,21.0,20.57,True,True,Match
DRREDDY,Mar 2020,17517,2477.0,14.0,14.14,True,True,Match
DRREDDY,Mar 2021,19048,3874.0,20.0,20.34,True,True,Match
DRREDDY,Mar 2022,21545,3768.0,17.0,17.49,True,True,Match
DRREDDY,Mar 2023,24670,6470.0,26.0,26.23,True,True,Match
DRREDDY,Mar 2024,28011,7933.0,28.0,28.32,True,True,Match
DRREDDY,TTM,31229,8311.0,,26.61,False,False,Source unavailable
EICHERMOT,Dec 2012,6390,550.0,9.0,8.61,True,True,Match
EICHERMOT,Dec 2013,6810,715.0,11.0,10.5,False,True,Mismatch
EICHERMOT,Dec 2014,8738,1118.0,13.0,12.79,True,True,Match
EICHERMOT,Mar 2016,6173,1690.0,27.0,27.38,True,True,Match
EICHERMOT,Mar 2017,7033,2174.0,31.0,30.91,True,True,Match
EICHERMOT,Mar 2018,8965,2809.0,31.0,31.33,True,True,Match
EICHERMOT,Mar 2019,9797,2904.0,30.0,29.64,True,True,Match
EICHERMOT,Mar 2020,9154,2183.0,24.0,23.85,True,True,Match
EICHERMOT,Mar 2021,8720,1783.0,20.0,20.45,True,True,Match
EICHERMOT,Mar 2022,10298,2178.0,21.0,21.15,True,True,Match
EICHERMOT,Mar 2023,14442,3446.0,24.0,23.86,True,True,Match
EICHERMOT,Mar 2024,16536,4329.0,26.0,26.18,True,True,Match
EICHERMOT,TTM,17091,4472.0,,26.17,False,False,Source unavailable
GAIL,Mar 2013,50974,7427.0,15.0,14.57,True,True,Match
GAIL,Mar 2014,61765,7988.0,13.0,12.93,True,True,Match
GAIL,Mar 2015,60557,5631.0,9.0,9.3,True,True,Match
GAIL,Mar 2016,52053,4536.0,9.0,8.71,True,True,Match
GAIL,Mar 2017,48552,6021.0,12.0,12.4,True,True,Match
GAIL,Mar 2018,54496,7802.0,14.0,14.32,True,True,Match
GAIL,Mar 2019,76190,9938.0,13.0,13.04,True,True,Match
GAIL,Mar 2020,72518,9022.0,12.0,12.44,True,True,Match
GAIL,Mar 2021,57372,7245.0,13.0,12.63,True,True,Match
GAIL,Mar 2022,92770,15161.0,16.0,16.34,True,True,Match
GAIL,Mar 2023,145668,7500.0,5.0,5.15,True,True,Match
GAIL,Mar 2024,133228,14314.0,11.0,10.74,True,True,Match
GAIL,TTM,136081,16784.0,,12.33,False,False,Source unavailable
GODREJCP,Mar 2013,6412,995.0,16.0,15.52,True,True,Match
GODREJCP,Mar 2014,7599,1169.0,15.0,15.38,True,True,Match
GODREJCP,Mar 2015,8273,1379.0,17.0,16.67,True,True,Match
GODREJCP,Mar 2016,8424,1657.0,20.0,19.67,True,True,Match
GODREJCP,Mar 2017,9268,1907.0,21.0,20.58,True,True,Match
GODREJCP,Mar 2018,9847,2084.0,21.0,21.16,True,True,Match
GODREJCP,Mar 2019,10314,2132.0,21.0,20.67,True,True,Match
GODREJCP,Mar 2020,9911,2154.0,22.0,21.73,True,True,Match
GODREJCP,Mar 2021,11029,2399.0,22.0,21.75,True,True,Match
GODREJCP,Mar 2022,12276,2409.0,20.0,19.62,True,True,Match
GODREJCP,Mar 2023,13316,2443.0,18.0,18.35,True,True,Match
GODREJCP,Mar 2024,14096,2957.0,21.0,20.98,True,True,Match
GODREJCP,TTM,14152,2996.0,,21.17,False,False,Source unavailable
GRASIM,Mar 2013,27909,5924.0,21.0,21.23,True,True,Match
GRASIM,Mar 2014,28331,4915.0,17.0,17.35,True,True,Match
GRASIM,Mar 2015,31734,5144.0,16.0,16.21,True,True,Match
GRASIM,Mar 2016,34487,5911.0,17.0,17.14,True,True,Match
GRASIM,Mar 2017,36068,7387.0,20.0,20.48,True,True,Match
GRASIM,Mar 2018,55894,11612.0,21.0,20.78,True,True,Match
GRASIM,Mar 2019,77200,16640.0,22.0,21.55,True,True,Match
GRASIM,Mar 2020,68252,10373.0,15.0,15.2,True,True,Match
GRASIM,Mar 2021,76404,18635.0,24.0,24.39,True,True,Match
GRASIM,Mar 2022,95701,20431.0,21.0,21.35,True,True,Match
GRASIM,Mar 2023,117627,21589.0,18.0,18.35,True,True,Match
GRASIM,Mar 2024,130978,27195.0,21.0,20.76,True,True,Match
GRASIM,TTM,137116,27506.0,,20.06,False,False,Source unavailable
HAL,Mar 2013,14328,768.0,,5.36,False,False,Source unavailable
HAL,Mar 2014,15135,1570.0,,10.37,False,False,Source unavailable
HAL,Mar 2015,15730,2351.0,,14.95,False,False,Source unavailable
HAL,Mar 2016,16758,2478.0,,14.79,False,False,Source unavailable
HAL,Mar 2017,17950,3236.0,18.0,18.03,True,True,Match
HAL,Mar 2018,18519,3460.0,19.0,18.68,True,True,Match
HAL,Mar 2019,20008,4569.0,23.0,22.84,True,True,Match
HAL,Mar 2020,21445,4880.0,23.0,22.76,True,True,Match
HAL,Mar 2021,22882,5341.0,23.0,23.34,True,True,Match
HAL,Mar 2022,24620,5420.0,22.0,22.01,True,True,Match
HAL,Mar 2023,26928,6669.0,25.0,24.77,True,True,Match
HAL,Mar 2024,30381,9749.0,32.0,32.09,True,True,Match
HAL,TTM,31154,9954.0,,31.95,False,False,Source unavailable
HAVELLS,Mar 2013,7135,674.0,9.0,9.45,True,True,Match
HAVELLS,Mar 2014,8051,777.0,10.0,9.65,True,True,Match
HAVELLS,Mar 2015,8468,755.0,9.0,8.92,True,True,Match
HAVELLS,Mar 2016,7594,796.0,10.0,10.48,True,True,Match
HAVELLS,Mar 2017,6130,815.0,13.0,13.3,True,True,Match
HAVELLS,Mar 2018,8116,1033.0,13.0,12.73,True,True,Match
HAVELLS,Mar 2019,10073,1189.0,12.0,11.8,True,True,Match
HAVELLS,Mar 2020,9440,1067.0,11.0,11.3,True,True,Match
HAVELLS,Mar 2021,10457,1589.0,15.0,15.2,True,True,Match
HAVELLS,Mar 2022,13938,1775.0,13.0,12.73,True,True,Match
HAVELLS,Mar 2023,16911,1621.0,10.0,9.59,True,True,Match
HAVELLS,Mar 2024,18590,1881.0,10.0,10.12,True,True,Match
HAVELLS,TTM,20677,2008.0,,9.71,False,False,Source unavailable
HCLTECH,Jun 2013,25581,5680.0,22.0,22.2,True,True,Match
HCLTECH,Jun 2014,32144,8035.0,25.0,25.0,True,True,Match
HCLTECH,Jun 2015,36701,8486.0,23.0,23.12,True,True,Match
HCLTECH,Mar 2016 9m,31136,6654.0,,21.37,False,False,Source unavailable
HCLTECH,Mar 2017,47568,10390.0,22.0,21.84,True,True,Match
HCLTECH,Mar 2018,50569,11246.0,22.0,22.24,True,True,Match
HCLTECH,Mar 2019,60427,13926.0,23.0,23.05,True,True,Match
HCLTECH,Mar 2020,70676,17316.0,24.0,24.5,True,True,Match
HCLTECH,Mar 2021,75379,20048.0,27.0,26.6,True,True,Match
HCLTECH,Mar 2022,85651,20529.0,24.0,23.97,True,True,Match
HCLTECH,Mar 2023,101456,22628.0,22.0,22.3,True,True,Match
HCLTECH,Mar 2024,109913,24198.0,22.0,22.02,True,True,Match
HCLTECH,TTM,115308,25139.0,,21.8,False,False,Source unavailable
HDFCBANK,Mar 2013,35861,12631.0,3534.0,35.22,False,True,Mismatch
HDFCBANK,Mar 2014,42555,13508.0,5602.0,31.74,False,True,Mismatch
HDFCBANK,Mar 2015,50666,16164.0,7214.0,31.9,False,True,Mismatch
HDFCBANK,Mar 2016,63162,20055.0,9037.0,31.75,False,True,Mismatch
HDFCBANK,Mar 2017,73271,23856.0,11374.0,32.56,False,True,Mismatch
HDFCBANK,Mar 2018,85288,29532.0,13374.0,34.63,False,True,Mismatch
HDFCBANK,Mar 2019,105161,34856.0,16592.0,33.15,False,True,Mismatch
HDFCBANK,Mar 2020,122189,45459.0,14593.0,37.2,False,True,Mismatch
HDFCBANK,Mar 2021,128552,52457.0,16848.0,40.81,False,True,Mismatch
HDFCBANK,Mar 2022,135936,56557.0,20795.0,41.61,False,True,Mismatch
HDFCBANK,Mar 2023,170754,63042.0,29932.0,36.92,False,True,Mismatch
HDFCBANK,Mar 2024,283649,174196.0,-44685.0,61.41,False,True,Mismatch
HDFCBANK,TTM,329022,206009.0,,62.61,False,False,Source unavailable
HDFCLIFE,Mar 2013,14060,13535.0,525.0,96.27,False,True,Mismatch
HDFCLIFE,Mar 2014,17166,16561.0,605.0,96.48,False,True,Mismatch
HDFCLIFE,Mar 2015,27215,26341.0,874.0,96.79,False,True,Mismatch
HDFCLIFE,Mar 2016,18141,17187.0,953.0,94.74,False,True,Mismatch
HDFCLIFE,Mar 2017,30647,29674.0,972.0,96.83,False,True,Mismatch
HDFCLIFE,Mar 2018,32260,31186.0,1074.0,96.67,False,True,Mismatch
HDFCLIFE,Mar 2019,38855,37640.0,1215.0,96.87,False,True,Mismatch
HDFCLIFE,Mar 2020,29380,28239.0,1141.0,96.12,False,True,Mismatch
HDFCLIFE,Mar 2021,71528,70294.0,1235.0,98.27,False,True,Mismatch
HDFCLIFE,Mar 2022,67126,66348.0,778.0,98.84,False,True,Mismatch
HDFCLIFE,Mar 2023,70207,70127.0,80.0,99.89,False,True,Mismatch
HDFCLIFE,Mar 2024,101482,100951.0,531.0,99.48,False,True,Mismatch
HDFCLIFE,TTM,100772,100048.0,,99.28,False,False,Source unavailable
HEROMOTOCO,Mar 2014,25275,21722.0,3553.0,85.94,False,True,Mismatch
HEROMOTOCO,Mar 2015,27538,24018.0,3520.0,87.22,False,True,Mismatch
HEROMOTOCO,Mar 2016,28457,24033.0,4424.0,84.45,False,True,Mismatch
HEROMOTOCO,Mar 2017,28610,24025.0,4585.0,83.97,False,True,Mismatch
HEROMOTOCO,Mar 2018,32458,27124.0,5334.0,83.57,False,True,Mismatch
HEROMOTOCO,Mar 2019,33971,28946.0,5025.0,85.21,False,True,Mismatch
HEROMOTOCO,Mar 2020,29254,25184.0,4070.0,86.09,False,True,Mismatch
HEROMOTOCO,Mar 2021,30959,26902.0,4058.0,86.9,False,True,Mismatch
HEROMOTOCO,Mar 2022,29551,26295.0,3256.0,88.98,False,True,Mismatch
HEROMOTOCO,Mar 2023,34158,30060.0,4099.0,88.0,False,True,Mismatch
HEROMOTOCO,Mar 2024,37789,32554.0,5235.0,86.15,False,True,Mismatch
HEROMOTOCO,TTM,40098,34537.0,,86.13,False,False,Source unavailable
HINDALCO,Mar 2013,80193,72494.0,7699.0,90.4,False,True,Mismatch
HINDALCO,Mar 2014,87695,79671.0,8024.0,90.85,False,True,Mismatch
HINDALCO,Mar 2015,104281,95437.0,8844.0,91.52,False,True,Mismatch
HINDALCO,Mar 2016,98759,90981.0,7778.0,92.12,False,True,Mismatch
HINDALCO,Mar 2017,100184,87867.0,12317.0,87.71,False,True,Mismatch
HINDALCO,Mar 2018,115183,101488.0,13695.0,88.11,False,True,Mismatch
HINDALCO,Mar 2019,130542,115031.0,15511.0,88.12,False,True,Mismatch
HINDALCO,Mar 2020,118144,103838.0,14306.0,87.89,False,True,Mismatch
HINDALCO,Mar 2021,132008,114449.0,17559.0,86.7,False,True,Mismatch
HINDALCO,Mar 2022,195059,166712.0,28347.0,85.47,False,True,Mismatch
HINDALCO,Mar 2023,223202,200536.0,22666.0,89.85,False,True,Mismatch
HINDALCO,Mar 2024,215962,192090.0,23872.0,88.95,False,True,Mismatch
HINDALCO,TTM,224018,196087.0,,87.53,False,False,Source unavailable
HINDUNILVR,Mar 2013,27004,22784.0,4220.0,84.37,False,True,Mismatch
HINDUNILVR,Mar 2014,29234,24475.0,4759.0,83.72,False,True,Mismatch
HINDUNILVR,Mar 2015,31972,26560.0,5412.0,83.07,False,True,Mismatch
HINDUNILVR,Mar 2016,32186,26276.0,5910.0,81.64,False,True,Mismatch
HINDUNILVR,Mar 2017,33162,26834.0,6328.0,80.92,False,True,Mismatch
HINDUNILVR,Mar 2018,35545,28046.0,7499.0,78.9,False,True,Mismatch
HINDUNILVR,Mar 2019,39310,30430.0,8880.0,77.41,False,True,Mismatch
HINDUNILVR,Mar 2020,39783,29922.0,9861.0,75.21,False,True,Mismatch
HINDUNILVR,Mar 2021,47028,35402.0,11626.0,75.28,False,True,Mismatch
HINDUNILVR,Mar 2022,52446,39589.0,12857.0,75.49,False,True,Mismatch
HINDUNILVR,Mar 2023,60580,46433.0,14147.0,76.65,False,True,Mismatch
HINDUNILVR,Mar 2024,61896,47237.0,14659.0,76.32,False,True,Mismatch
HINDUNILVR,TTM,62661,47902.0,,76.45,False,False,Source unavailable
ICICIBANK,Mar 2013,44885,31684.0,-15085.0,70.59,False,True,Mismatch
ICICIBANK,Mar 2014,49479,32852.0,-13084.0,66.4,False,True,Mismatch
ICICIBANK,Mar 2015,54964,38766.0,-16120.0,70.53,False,True,Mismatch
ICICIBANK,Mar 2016,59294,52252.0,-26955.0,88.12,False,True,Mismatch
ICICIBANK,Mar 2017,60940,63841.0,-37737.0,104.76,False,True,Mismatch
ICICIBANK,Mar 2018,62162,72806.0,-44906.0,117.12,False,True,Mismatch
ICICIBANK,Mar 2019,71982,83775.0,-50971.0,116.38,False,True,Mismatch
ICICIBANK,Mar 2020,84836,85361.0,-45190.0,100.62,False,True,Mismatch
ICICIBANK,Mar 2021,89163,91309.0,-44805.0,102.41,False,True,Mismatch
ICICIBANK,Mar 2022,95407,80798.0,-26558.0,84.69,False,True,Mismatch
ICICIBANK,Mar 2023,121067,87864.0,-17341.0,72.57,False,True,Mismatch
ICICIBANK,Mar 2024,159516,99560.0,-14152.0,62.41,False,True,Mismatch
ICICIBANK,TTM,180551,125722.0,,69.63,False,False,Source unavailable
ICICIGI,Mar 2013,4012,4191.0,-178.0,104.46,False,True,Mismatch
ICICIGI,Mar 2014,4352,4578.0,-225.0,105.19,False,True,Mismatch
ICICIGI,Mar 2015,4234,4456.0,-221.0,105.24,False,True,Mismatch
ICICIGI,Mar 2016,6033,5269.0,764.0,87.34,False,True,Mismatch
ICICIGI,Mar 2017,7520,6601.0,919.0,87.78,False,True,Mismatch
ICICIGI,Mar 2018,6912,7174.0,-262.0,103.79,False,True,Mismatch
ICICIGI,Mar 2019,11163,9494.0,1669.0,85.05,False,True,Mismatch
ICICIGI,Mar 2020,11517,9745.0,1772.0,84.61,False,True,Mismatch
ICICIGI,Mar 2021,12161,10090.0,2072.0,82.97,False,True,Mismatch
ICICIGI,Mar 2022,16026,15010.0,1016.0,93.66,False,True,Mismatch
ICICIGI,Mar 2023,17876,16612.0,1264.0,92.93,False,True,Mismatch
ICICIGI,Mar 2024,20487,17910.0,2577.0,87.42,False,True,Mismatch
ICICIGI,TTM,23301,19938.0,,85.57,False,False,Source unavailable
ICICIPRULI,Mar 2013,20025,19280.0,745.0,96.28,False,True,Mismatch
ICICIPRULI,Mar 2014,21888,20384.0,1504.0,93.13,False,True,Mismatch
ICICIPRULI,Mar 2015,34453,32798.0,1655.0,95.2,False,True,Mismatch
ICICIPRULI,Mar 2016,20849,19008.0,1842.0,91.17,False,True,Mismatch
ICICIPRULI,Mar 2017,37816,36010.0,1806.0,95.22,False,True,Mismatch
ICICIPRULI,Mar 2018,38832,37062.0,1771.0,95.44,False,True,Mismatch
ICICIPRULI,Mar 2019,41463,40922.0,541.0,98.7,False,True,Mismatch
ICICIPRULI,Mar 2020,21025,21344.0,-319.0,101.52,False,True,Mismatch
ICICIPRULI,Mar 2021,83182,83572.0,-390.0,100.47,False,True,Mismatch
ICICIPRULI,Mar 2022,63564,65728.0,-2163.0,103.4,False,True,Mismatch
ICICIPRULI,Mar 2023,50478,52235.0,-1757.0,103.48,False,True,Mismatch
ICICIPRULI,Mar 2024,90307,92136.0,-1829.0,102.03,False,True,Mismatch
ICICIPRULI,TTM,77572,77251.0,,99.59,False,False,Source unavailable
INDUSINDBK,Mar 2013,6983,1947.0,286.0,27.88,False,True,Mismatch
INDUSINDBK,Mar 2014,8254,2555.0,335.0,30.95,False,True,Mismatch
INDUSINDBK,Mar 2015,9692,3133.0,288.0,32.33,False,True,Mismatch
INDUSINDBK,Mar 2016,11872,4188.0,329.0,35.28,False,True,Mismatch
INDUSINDBK,Mar 2017,14406,5684.0,379.0,39.46,False,True,Mismatch
INDUSINDBK,Mar 2018,17281,6555.0,942.0,37.93,False,True,Mismatch
INDUSINDBK,Mar 2019,22261,9283.0,-437.0,41.7,False,True,Mismatch
INDUSINDBK,Mar 2020,28783,12611.0,-553.0,43.81,False,True,Mismatch
INDUSINDBK,Mar 2021,29000,15997.0,-2469.0,55.16,False,True,Mismatch
INDUSINDBK,Mar 2022,30822,15840.0,-839.0,51.39,False,True,Mismatch
INDUSINDBK,Mar 2023,36368,15525.0,2067.0,42.69,False,True,Mismatch
INDUSINDBK,Mar 2024,45748,17638.0,2978.0,38.55,False,True,Mismatch
INDUSINDBK,TTM,49004,20104.0,,41.03,False,False,Source unavailable
INFY,Mar 2013,40352,11538.0,29.0,28.59,True,True,Match
INFY,Mar 2014,50133,13390.0,27.0,26.71,True,True,Match
INFY,Mar 2015,53319,14883.0,28.0,27.91,True,True,Match
INFY,Mar 2016,62441,17079.0,27.0,27.35,True,True,Match
INFY,Mar 2017,68484,18604.0,27.0,27.17,True,True,Match
INFY,Mar 2018,70522,18822.0,27.0,26.69,True,True,Match
INFY,Mar 2019,82675,20170.0,24.0,24.4,True,True,Match
INFY,Mar 2020,90791,22267.0,25.0,24.53,True,True,Match
INFY,Mar 2021,100472,27889.0,28.0,27.76,True,True,Match
INFY,Mar 2022,121641,31491.0,26.0,25.89,True,True,Match
INFY,Mar 2023,146767,35130.0,24.0,23.94,True,True,Match
INFY,Mar 2024,153670,36425.0,24.0,23.7,True,True,Match
INFY,TTM,159988,38145.0,,23.84,False,False,Source unavailable
IOC,Mar 2013,461780,13861.0,3.0,3.0,True,True,Match
IOC,Mar 2014,488345,17222.0,4.0,3.53,True,True,Match
IOC,Mar 2015,449507,10575.0,2.0,2.35,True,True,Match
IOC,Mar 2016,346045,22038.0,6.0,6.37,True,True,Match
IOC,Mar 2017,355379,34149.0,10.0,9.61,True,True,Match
IOC,Mar 2018,421492,41658.0,10.0,9.88,True,True,Match
IOC,Mar 2019,528158,35262.0,7.0,6.68,True,True,Match
IOC,Mar 2020,483763,16053.0,3.0,3.32,True,True,Match
IOC,Mar 2021,363950,39929.0,11.0,10.97,True,True,Match
IOC,Mar 2022,589321,47758.0,8.0,8.1,True,True,Match
IOC,Mar 2023,841756,30683.0,4.0,3.65,True,True,Match
IOC,Mar 2024,776352,75646.0,10.0,9.74,True,True,Match
IOC,TTM,761485,32930.0,,4.32,False,False,Source unavailable
IRCTC,Mar 2015,1059,152.0,14.0,14.35,True,True,Match
IRCTC,Mar 2016,1367,190.0,14.0,13.9,True,True,Match
IRCTC,Mar 2017,1520,314.0,21.0,20.66,True,True,Match
IRCTC,Mar 2018,1466,274.0,19.0,18.69,True,True,Match
IRCTC,Mar 2019,1870,383.0,20.0,20.48,True,True,Match
IRCTC,Mar 2020,2264,703.0,31.0,31.05,True,True,Match
IRCTC,Mar 2021,777,188.0,24.0,24.2,True,True,Match
IRCTC,Mar 2022,1879,874.0,47.0,46.51,True,True,Match
IRCTC,Mar 2023,3541,1276.0,36.0,36.04,True,True,Match
IRCTC,Mar 2024,4270,1466.0,34.0,34.33,True,True,Match
IRCTC,TTM,4455,1505.0,,33.78,False,False,Source unavailable
IRFC,Mar 2013,5550,5528.0,,99.6,False,False,Source unavailable
IRFC,Mar 2014,6197,6178.0,,99.69,False,False,Source unavailable
IRFC,Mar 2015,6939,6905.0,,99.51,False,False,Source unavailable
IRFC,Mar 2016,7507,7468.0,99.0,99.48,True,True,Match
IRFC,Mar 2017,9047,9021.0,100.0,99.71,True,True,Match
IRFC,Mar 2018,9267,9229.0,100.0,99.59,True,True,Match
IRFC,Mar 2019,11134,11085.0,100.0,99.56,True,True,Match
IRFC,Mar 2020,13421,13355.0,100.0,99.51,True,True,Match
IRFC,Mar 2021,15771,15657.0,99.0,99.28,True,True,Match
IRFC,Mar 2022,20299,20177.0,99.0,99.4,True,True,Match
IRFC,Mar 2023,23722,23588.0,99.0,99.44,True,True,Match
IRFC,Mar 2024,26645,26513.0,100.0,99.5,True,True,Match
IRFC,TTM,26902,26758.0,,99.46,False,False,Source unavailable
ITC,Mar 2013,31618,11221.0,35.0,35.49,True,True,Match
ITC,Mar 2014,35306,13080.0,37.0,37.05,True,True,Match
ITC,Mar 2015,38817,14252.0,37.0,36.72,True,True,Match
ITC,Mar 2016,39192,14531.0,37.0,37.08,True,True,Match
ITC,Mar 2017,42768,15470.0,36.0,36.17,True,True,Match
ITC,Mar 2018,43449,16521.0,38.0,38.02,True,True,Match
ITC,Mar 2019,48340,18537.0,38.0,38.35,True,True,Match
ITC,Mar 2020,49388,19344.0,39.0,39.17,True,True,Match
ITC,Mar 2021,49257,17065.0,35.0,34.64,True,True,Match
ITC,Mar 2022,60645,20623.0,34.0,34.01,True,True,Match
ITC,Mar 2023,70919,25704.0,36.0,36.24,True,True,Match
ITC,Mar 2024,70866,26233.0,37.0,37.02,True,True,Match
ITC,TTM,75135,26640.0,,35.46,False,False,Source unavailable
JINDALSTEL,Mar 2013,19807,6106.0,31.0,30.83,True,True,Match
JINDALSTEL,Mar 2014,19286,5799.0,30.0,30.07,True,True,Match
JINDALSTEL,Mar 2015,19401,5464.0,28.0,28.16,True,True,Match
JINDALSTEL,Mar 2016,19469,3437.0,18.0,17.65,True,True,Match
JINDALSTEL,Mar 2017,21603,4709.0,22.0,21.8,True,True,Match
JINDALSTEL,Mar 2018,33286,6469.0,19.0,19.43,True,True,Match
JINDALSTEL,Mar 2019,46966,8412.0,18.0,17.91,True,True,Match
JINDALSTEL,Mar 2020,37923,6831.0,18.0,18.01,True,True,Match
JINDALSTEL,Mar 2021,34579,10933.0,32.0,31.62,True,True,Match
JINDALSTEL,Mar 2022,51166,15515.0,30.0,30.32,True,True,Match
JINDALSTEL,Mar 2023,53212,9942.0,19.0,18.68,True,True,Match
JINDALSTEL,Mar 2024,50354,10202.0,20.0,20.26,True,True,Match
JINDALSTEL,TTM,50019,10327.0,,20.65,False,False,Source unavailable
JIOFIN,Mar 2023,45,39.0,88.0,86.67,False,True,Mismatch
JIOFIN,Mar 2024,1855,1559.0,84.0,84.04,True,True,Match
JIOFIN,TTM,1968,1531.0,,77.79,False,False,Source unavailable
JSWENERGY,Mar 2013,8870,2801.0,32.0,31.58,True,True,Match
JSWENERGY,Mar 2014,8648,3255.0,38.0,37.64,True,True,Match
JSWENERGY,Mar 2015,9347,3624.0,39.0,38.77,True,True,Match
JSWENERGY,Mar 2016,9824,4029.0,41.0,41.01,True,True,Match
JSWENERGY,Mar 2017,8263,3324.0,40.0,40.23,True,True,Match
JSWENERGY,Mar 2018,8049,2713.0,34.0,33.71,True,True,Match
JSWENERGY,Mar 2019,9138,2855.0,31.0,31.24,True,True,Match
JSWENERGY,Mar 2020,8273,2957.0,36.0,35.74,True,True,Match
JSWENERGY,Mar 2021,6922,2913.0,42.0,42.08,True,True,Match
JSWENERGY,Mar 2022,8167,3572.0,44.0,43.74,True,True,Match
JSWENERGY,Mar 2023,10332,3282.0,32.0,31.77,True,True,Match
JSWENERGY,Mar 2024,11486,5382.0,47.0,46.86,True,True,Match
JSWENERGY,TTM,11416,5382.0,,47.14,False,False,Source unavailable
JSWSTEEL,Mar 2013,38210,6512.0,17.0,17.04,True,True,Match
JSWSTEEL,Mar 2014,51220,9169.0,18.0,17.9,True,True,Match
JSWSTEEL,Mar 2015,52972,9364.0,18.0,17.68,True,True,Match
JSWSTEEL,Mar 2016,41546,6422.0,15.0,15.46,True,True,Match
JSWSTEEL,Mar 2017,55604,12308.0,22.0,22.14,True,True,Match
JSWSTEEL,Mar 2018,71933,14916.0,21.0,20.74,True,True,Match
JSWSTEEL,Mar 2019,84757,18930.0,22.0,22.33,True,True,Match
JSWSTEEL,Mar 2020,73326,11813.0,16.0,16.11,True,True,Match
JSWSTEEL,Mar 2021,79839,20178.0,25.0,25.27,True,True,Match
JSWSTEEL,Mar 2022,146371,39114.0,27.0,26.72,True,True,Match
JSWSTEEL,Mar 2023,165960,18470.0,11.0,11.13,True,True,Match
JSWSTEEL,Mar 2024,175006,28157.0,16.0,16.09,True,True,Match
JSWSTEEL,TTM,170274,22478.0,,13.2,False,False,Source unavailable
KOTAKBANK,Mar 2013,10838,6603.0,-1789.0,60.92,False,True,Mismatch
KOTAKBANK,Mar 2014,11986,7053.0,-1379.0,58.84,False,True,Mismatch
KOTAKBANK,Mar 2015,13319,9718.0,-3366.0,72.96,False,True,Mismatch
KOTAKBANK,Mar 2016,20402,11541.0,-2263.0,56.57,False,True,Mismatch
KOTAKBANK,Mar 2017,22324,14832.0,-3965.0,66.44,False,True,Mismatch
KOTAKBANK,Mar 2018,25131,16805.0,-4141.0,66.87,False,True,Mismatch
KOTAKBANK,Mar 2019,29831,19758.0,-5114.0,66.23,False,True,Mismatch
KOTAKBANK,Mar 2020,33474,22578.0,-5005.0,67.45,False,True,Mismatch
KOTAKBANK,Mar 2021,32820,29812.0,-9958.0,90.83,False,True,Mismatch
KOTAKBANK,Mar 2022,33741,30699.0,-8512.0,90.98,False,True,Mismatch
KOTAKBANK,Mar 2023,42151,33485.0,-5746.0,79.44,False,True,Mismatch
KOTAKBANK,Mar 2024,56237,47052.0,-13382.0,83.67,False,True,Mismatch
KOTAKBANK,TTM,64053,50872.0,,79.42,False,False,Source unavailable
LICI,Mar 2019,571508,5920.0,1.0,1.04,True,True,Match
LICI,Mar 2020,628043,-6947.0,-1.0,-1.11,True,True,Match
LICI,Mar 2021,690914,-252.0,0.0,-0.04,True,True,Match
LICI,Mar 2022,723606,3326.0,0.0,0.46,True,True,Match
LICI,Mar 2023,784628,34207.0,4.0,4.36,True,True,Match
LICI,Mar 2024,845966,32779.0,4.0,3.87,True,True,Match
LICI,TTM,896106,25851.0,,2.88,False,False,Source unavailable
LODHA,Mar 2011,2173,510.0,,23.47,False,False,Source unavailable
LODHA,Mar 2012,2954,724.0,,24.51,False,False,Source unavailable
LODHA,Mar 2015,6236,1467.0,,23.52,False,False,Source unavailable
LODHA,Mar 2016,8249,2126.0,26.0,25.77,True,True,Match
LODHA,Mar 2017,7926,1614.0,20.0,20.36,True,True,Match
LODHA,Mar 2018,9677,1682.0,17.0,17.38,True,True,Match
LODHA,Mar 2019,11907,3179.0,27.0,26.7,True,True,Match
LODHA,Mar 2020,12443,1917.0,15.0,15.41,True,True,Match
LODHA,Mar 2021,5449,1383.0,25.0,25.38,True,True,Match
LODHA,Mar 2022,9233,2186.0,24.0,23.68,True,True,Match
LODHA,Mar 2023,9470,2064.0,22.0,21.8,True,True,Match
LODHA,Mar 2024,10316,2665.0,26.0,25.83,True,True,Match
LODHA,TTM,13574,3812.0,,28.08,False,False,Source unavailable
LT,Mar 2013,74426,11394.0,15.0,15.31,True,True,Match
LT,Mar 2014,85054,14086.0,17.0,16.56,True,True,Match
LT,Mar 2015,91929,15684.0,17.0,17.06,True,True,Match
LT,Mar 2016,101122,15486.0,15.0,15.31,True,True,Match
LT,Mar 2017,109312,16620.0,15.0,15.2,True,True,Match
LT,Mar 2018,119683,20111.0,17.0,16.8,True,True,Match
LT,Mar 2019,135220,22866.0,17.0,16.91,True,True,Match
LT,Mar 2020,145452,24553.0,17.0,16.88,True,True,Match
LT,Mar 2021,135979,23460.0,17.0,17.25,True,True,Match
LT,Mar 2022,156521,24314.0,16.0,15.53,True,True,Match
LT,Mar 2023,183341,27166.0,15.0,14.82,True,True,Match
LT,Mar 2024,221113,29865.0,14.0,13.51,True,True,Match
LT,TTM,238881,30815.0,,12.9,False,False,Source unavailable
LTIM,Mar 2013,3851,870.0,23.0,22.59,True,True,Match
LTIM,Mar 2014,4920,1147.0,23.0,23.31,True,True,Match
LTIM,Mar 2015,4978,1005.0,20.0,20.19,True,True,Match
LTIM,Mar 2016,5846,1028.0,18.0,17.58,True,True,Match
LTIM,Mar 2017,6501,1230.0,19.0,18.92,True,True,Match
LTIM,Mar 2018,7306,1187.0,16.0,16.25,True,True,Match
LTIM,Mar 2019,9446,1883.0,20.0,19.93,True,True,Match
LTIM,Mar 2020,10879,2029.0,19.0,18.65,True,True,Match
LTIM,Mar 2021,12370,2725.0,22.0,22.03,True,True,Match
LTIM,Mar 2022,26109,5249.0,20.0,20.1,True,True,Match
LTIM,Mar 2023,33183,6108.0,18.0,18.41,True,True,Match
LTIM,Mar 2024,35517,6387.0,18.0,17.98,True,True,Match
LTIM,TTM,37129,6434.0,,17.33,False,False,Source unavailable
M&M,Mar 2013,68693,9116.0,13.0,13.27,True,True,Match
M&M,Mar 2014,74001,10170.0,14.0,13.74,True,True,Match
M&M,Mar 2015,71448,8793.0,12.0,12.31,True,True,Match
M&M,Mar 2016,75841,10082.0,13.0,13.29,True,True,Match
M&M,Mar 2017,83773,10735.0,13.0,12.81,True,True,Match
M&M,Mar 2018,92094,13226.0,14.0,14.36,True,True,Match
M&M,Mar 2019,104721,15207.0,15.0,14.52,True,True,Match
M&M,Mar 2020,75382,10158.0,13.0,13.48,True,True,Match
M&M,Mar 2021,74278,11487.0,15.0,15.46,True,True,Match
M&M,Mar 2022,90171,14683.0,16.0,16.28,True,True,Match
M&M,Mar 2023,121269,20285.0,17.0,16.73,True,True,Match
M&M,Mar 2024,139078,24892.0,18.0,17.9,True,True,Match
M&M,TTM,145893,27204.0,,18.65,False,False,Source unavailable
MARUTI,Mar 2013,44304,4361.0,10.0,9.84,True,True,Match
MARUTI,Mar 2014,44542,5310.0,12.0,11.92,True,True,Match
MARUTI,Mar 2015,50801,6892.0,14.0,13.57,True,True,Match
MARUTI,Mar 2016,57589,9024.0,16.0,15.67,True,True,Match
MARUTI,Mar 2017,68085,10421.0,15.0,15.31,True,True,Match
MARUTI,Mar 2018,79809,12118.0,15.0,15.18,True,True,Match
MARUTI,Mar 2019,86068,11056.0,13.0,12.85,True,True,Match
MARUTI,Mar 2020,75660,7355.0,10.0,9.72,True,True,Match
MARUTI,Mar 2021,70372,5411.0,8.0,7.69,True,True,Match
MARUTI,Mar 2022,88330,5752.0,7.0,6.51,True,True,Match
MARUTI,Mar 2023,118410,13122.0,11.0,11.08,True,True,Match
MARUTI,Mar 2024,141858,18626.0,13.0,13.13,True,True,Match
MARUTI,TTM,145213,19766.0,,13.61,False,False,Source unavailable
MOTHERSON,Mar 2013,25298,1480.0,6.0,5.85,True,True,Match
MOTHERSON,Mar 2014,30414,2397.0,8.0,7.88,True,True,Match
MOTHERSON,Mar 2015,34661,2844.0,8.0,8.21,True,True,Match
MOTHERSON,Mar 2016,37216,3548.0,10.0,9.53,True,True,Match
MOTHERSON,Mar 2017,42376,4171.0,10.0,9.84,True,True,Match
MOTHERSON,Mar 2018,56303,5128.0,9.0,9.11,True,True,Match
MOTHERSON,Mar 2019,63523,5348.0,8.0,8.42,True,True,Match
MOTHERSON,Mar 2020,60729,4654.0,8.0,7.66,True,True,Match
MOTHERSON,Mar 2021,57370,4370.0,8.0,7.62,True,True,Match
MOTHERSON,Mar 2022,63774,4714.0,7.0,7.39,True,True,Match
MOTHERSON,Mar 2023,78788,6251.0,8.0,7.93,True,True,Match
MOTHERSON,Mar 2024,98692,9322.0,9.0,9.45,True,True,Match
MOTHERSON,TTM,109382,10474.0,,9.58,False,False,Source unavailable
NAUKRI,Mar 2013,472,121.0,26.0,25.64,True,True,Match
NAUKRI,Mar 2014,567,97.0,17.0,17.11,True,True,Match
NAUKRI,Mar 2015,732,21.0,3.0,2.87,True,True,Match
NAUKRI,Mar 2016,748,91.0,12.0,12.17,True,True,Match
NAUKRI,Mar 2017,888,-9.0,-1.0,-1.01,True,True,Match
NAUKRI,Mar 2018,988,219.0,22.0,22.17,True,True,Match
NAUKRI,Mar 2019,1151,9.0,1.0,0.78,True,True,Match
NAUKRI,Mar 2020,1312,-350.0,-27.0,-26.68,True,True,Match
NAUKRI,Mar 2021,1128,74.0,7.0,6.56,True,True,Match
NAUKRI,Mar 2022,1589,446.0,28.0,28.07,True,True,Match
NAUKRI,Mar 2023,2346,348.0,15.0,14.83,True,True,Match
NAUKRI,Mar 2024,2536,711.0,28.0,28.04,True,True,Match
NAUKRI,TTM,2662,751.0,,28.21,False,False,Source unavailable
NESTLEIND,Dec 2013,9101,1948.0,21.0,21.4,True,True,Match
NESTLEIND,Dec 2014,9855,2039.0,21.0,20.69,True,True,Match
NESTLEIND,Dec 2015,8175,1555.0,19.0,19.02,True,True,Match
NESTLEIND,Dec 2016,9141,1850.0,20.0,20.24,True,True,Match
NESTLEIND,Dec 2017,10010,2097.0,21.0,20.95,True,True,Match
NESTLEIND,Dec 2018,11292,2618.0,23.0,23.18,True,True,Match
NESTLEIND,Dec 2019,12369,2926.0,24.0,23.66,True,True,Match
NESTLEIND,Dec 2020,13350,3202.0,24.0,23.99,True,True,Match
NESTLEIND,Dec 2021,14741,3562.0,24.0,24.16,True,True,Match
NESTLEIND,Dec 2022,16897,3706.0,22.0,21.93,True,True,Match
NESTLEIND,Dec 2023,19126,4471.0,23.0,23.38,True,True,Match
NESTLEIND,Mar 2024,24394,5813.0,24.0,23.83,True,True,Match
NESTLEIND,TTM,19786,4726.0,,23.89,False,False,Source unavailable
NHPC,Mar 2013,6381,4152.0,65.0,65.07,True,True,Match
NHPC,Mar 2014,7389,4342.0,59.0,58.76,True,True,Match
NHPC,Mar 2015,8221,5134.0,62.0,62.45,True,True,Match
NHPC,Mar 2016,8354,4783.0,57.0,57.25,True,True,Match
NHPC,Mar 2017,8623,4884.0,57.0,56.64,True,True,Match
NHPC,Mar 2018,7755,4248.0,55.0,54.78,True,True,Match
NHPC,Mar 2019,8983,4981.0,55.0,55.45,True,True,Match
NHPC,Mar 2020,10008,5446.0,54.0,54.42,True,True,Match
NHPC,Mar 2021,9648,5277.0,55.0,54.7,True,True,Match
NHPC,Mar 2022,9144,4013.0,44.0,43.89,True,True,Match
NHPC,Mar 2023,10607,6184.0,58.0,58.3,True,True,Match
NHPC,Mar 2024,9632,4807.0,50.0,49.91,True,True,Match
NHPC,TTM,9690,5015.0,,51.75,False,False,Source unavailable
NTPC,Mar 2013,71518,18149.0,25.0,25.38,True,True,Match
NTPC,Mar 2014,78330,19727.0,25.0,25.18,True,True,Match
NTPC,Mar 2015,79957,17352.0,22.0,21.7,True,True,Match
NTPC,Mar 2016,73396,18568.0,25.0,25.3,True,True,Match
NTPC,Mar 2017,82042,21598.0,26.0,26.33,True,True,Match
NTPC,Mar 2018,88083,22485.0,26.0,25.53,True,True,Match
NTPC,Mar 2019,100287,22710.0,23.0,22.65,True,True,Match
NTPC,Mar 2020,109464,31586.0,29.0,28.86,True,True,Match
NTPC,Mar 2021,111531,34044.0,31.0,30.52,True,True,Match
NTPC,Mar 2022,132669,40362.0,30.0,30.42,True,True,Match
NTPC,Mar 2023,176207,47596.0,27.0,27.01,True,True,Match
NTPC,Mar 2024,178501,51456.0,29.0,28.83,True,True,Match
NTPC,TTM,185892,52392.0,,28.18,False,False,Source unavailable
ONGC,Mar 2013,161984,43501.0,27.0,26.86,True,True,Match
ONGC,Mar 2014,174121,49130.0,28.0,28.22,True,True,Match
ONGC,Mar 2015,160923,42312.0,26.0,26.29,True,True,Match
ONGC,Mar 2016,124036,39135.0,32.0,31.55,True,True,Match
ONGC,Mar 2017,282506,52804.0,19.0,18.69,True,True,Match
ONGC,Mar 2018,322706,56889.0,18.0,17.63,True,True,Match
ONGC,Mar 2019,421624,74819.0,18.0,17.75,True,True,Match
ONGC,Mar 2020,396728,52105.0,13.0,13.13,True,True,Match
ONGC,Mar 2021,303849,49473.0,16.0,16.28,True,True,Match
ONGC,Mar 2022,491246,79874.0,16.0,16.26,True,True,Match
ONGC,Mar 2023,632291,75527.0,12.0,11.94,True,True,Match
ONGC,Mar 2024,591396,102835.0,17.0,17.39,True,True,Match
ONGC,TTM,658694,85870.0,,13.04,False,False,Source unavailable
PFC,Mar 2013,17314,5987.0,35.0,34.58,True,True,Match
PFC,Mar 2014,21407,7607.0,36.0,35.54,True,True,Match
PFC,Mar 2015,24988,8429.0,34.0,33.73,True,True,Match
PFC,Mar 2016,27861,9162.0,33.0,32.88,True,True,Match
PFC,Mar 2017,27581,5275.0,19.0,19.13,True,True,Match
PFC,Mar 2018,48624,11752.0,24.0,24.17,True,True,Match
PFC,Mar 2019,54106,17783.0,33.0,32.87,True,True,Match
PFC,Mar 2020,62189,14012.0,23.0,22.53,True,True,Match
PFC,Mar 2021,71656,19871.0,28.0,27.73,True,True,Match
PFC,Mar 2022,76262,23338.0,31.0,30.6,True,True,Match
PFC,Mar 2023,77684,26501.0,34.0,34.11,True,True,Match
PFC,Mar 2024,91508,33573.0,37.0,36.69,True,True,Match
PFC,TTM,98152,35764.0,,36.44,False,False,Source unavailable
PIDILITIND,Mar 2013,3678,558.0,15.0,15.17,True,True,Match
PIDILITIND,Mar 2014,4283,672.0,16.0,15.69,True,True,Match
PIDILITIND,Mar 2015,4844,771.0,16.0,15.92,True,True,Match
PIDILITIND,Mar 2016,5361,1173.0,22.0,21.88,True,True,Match
PIDILITIND,Mar 2017,5617,1262.0,22.0,22.47,True,True,Match
PIDILITIND,Mar 2018,6078,1341.0,22.0,22.06,True,True,Match
PIDILITIND,Mar 2019,7078,1371.0,19.0,19.37,True,True,Match
PIDILITIND,Mar 2020,7294,1576.0,22.0,21.61,True,True,Match
PIDILITIND,Mar 2021,7293,1686.0,23.0,23.12,True,True,Match
PIDILITIND,Mar 2022,9921,1856.0,19.0,18.71,True,True,Match
PIDILITIND,Mar 2023,11799,1986.0,17.0,16.83,True,True,Match
PIDILITIND,Mar 2024,12383,2708.0,22.0,21.87,True,True,Match
PIDILITIND,TTM,12901,2952.0,,22.88,False,False,Source unavailable
PNB,Mar 2013,43071,,,,False,False,Source unavailable
PNB,Mar 2014,44958,,,,False,False,Source unavailable
PNB,Mar 2015,48710,,,,False,False,Source unavailable
PNB,Mar 2016,50804,,,,False,False,Source unavailable
PNB,Mar 2017,48058,,,,False,False,Source unavailable
PNB,Mar 2018,48725,,,,False,False,Source unavailable
PNB,Mar 2019,52147,,,,False,False,Source unavailable
PNB,Mar 2020,54918,,,,False,False,Source unavailable
PNB,Mar 2021,81935,,,,False,False,Source unavailable
PNB,Mar 2022,76242,,,,False,False,Source unavailable
PNB,Mar 2023,86845,,,,False,False,Source unavailable
PNB,Mar 2024,109065,,,,False,False,Source unavailable
PNB,TTM,116126,,,,False,False,Source unavailable
POWERGRID,Mar 2013,13081,10837.0,83.0,82.85,True,True,Match
POWERGRID,Mar 2014,15555,12967.0,83.0,83.36,True,True,Match
POWERGRID,Mar 2015,17540,14927.0,85.0,85.1,True,True,Match
POWERGRID,Mar 2016,20652,18184.0,88.0,88.05,True,True,Match
POWERGRID,Mar 2017,25697,22450.0,87.0,87.36,True,True,Match
POWERGRID,Mar 2018,29954,25961.0,87.0,86.67,True,True,Match
POWERGRID,Mar 2019,35059,26920.0,77.0,76.78,True,True,Match
POWERGRID,Mar 2020,37744,32886.0,87.0,87.13,True,True,Match
POWERGRID,Mar 2021,39640,34906.0,88.0,88.06,True,True,Match
POWERGRID,Mar 2022,41622,35826.0,86.0,86.07,True,True,Match
POWERGRID,Mar 2023,45603,39576.0,87.0,86.78,True,True,Match
POWERGRID,Mar 2024,45843,39826.0,87.0,86.87,True,True,Match
POWERGRID,TTM,45812,39235.0,,85.64,False,False,Source unavailable
RECLTD,Mar 2013,13634,13270.0,97.0,97.33,True,True,Match
RECLTD,Mar 2014,17223,16650.0,97.0,96.67,True,True,Match
RECLTD,Mar 2015,20544,19395.0,94.0,94.41,True,True,Match
RECLTD,Mar 2016,24125,22445.0,93.0,93.04,True,True,Match
RECLTD,Mar 2017,24338,22450.0,92.0,92.24,True,True,Match
RECLTD,Mar 2018,22658,19279.0,85.0,85.09,True,True,Match
RECLTD,Mar 2019,25408,23705.0,93.0,93.3,True,True,Match
RECLTD,Mar 2020,29942,25961.0,87.0,86.7,True,True,Match
RECLTD,Mar 2021,35557,32265.0,91.0,90.74,True,True,Match
RECLTD,Mar 2022,39276,34438.0,88.0,87.68,True,True,Match
RECLTD,Mar 2023,39486,37628.0,95.0,95.29,True,True,Match
RECLTD,Mar 2024,47517,47883.0,101.0,100.77,True,True,Match
RECLTD,TTM,51490,50860.0,,98.78,False,False,Source unavailable
RELIANCE,Mar 2013,395957,33155.0,8.0,8.37,True,True,Match
RELIANCE,Mar 2014,433521,34935.0,8.0,8.06,True,True,Match
RELIANCE,Mar 2015,374372,37449.0,10.0,10.0,True,True,Match
RELIANCE,Mar 2016,272583,41781.0,15.0,15.33,True,True,Match
RELIANCE,Mar 2017,303954,46307.0,15.0,15.23,True,True,Match
RELIANCE,Mar 2018,390823,64315.0,16.0,16.46,True,True,Match
RELIANCE,Mar 2019,568337,84250.0,15.0,14.82,True,True,Match
RELIANCE,Mar 2020,596679,89266.0,15.0,14.96,True,True,Match
RELIANCE,Mar 2021,466307,80790.0,17.0,17.33,True,True,Match
RELIANCE,Mar 2022,694673,108581.0,16.0,15.63,True,True,Match
RELIANCE,Mar 2023,876396,142318.0,16.0,16.24,True,True,Match
RELIANCE,Mar 2024,899041,162498.0,18.0,18.07,True,True,Match
RELIANCE,TTM,939838,164128.0,,17.46,False,False,Source unavailable
SBILIFE,Mar 2013,14870,427.0,3.0,2.87,True,True,Match
SBILIFE,Mar 2014,17258,511.0,3.0,2.96,True,True,Match
SBILIFE,Mar 2015,23399,794.0,3.0,3.39,True,True,Match
SBILIFE,Mar 2016,19324,920.0,5.0,4.76,True,True,Match
SBILIFE,Mar 2017,30548,1068.0,4.0,3.5,True,True,Match
SBILIFE,Mar 2018,34068,1332.0,4.0,3.91,True,True,Match
SBILIFE,Mar 2019,44604,1474.0,3.0,3.3,True,True,Match
SBILIFE,Mar 2020,43798,1351.0,3.0,3.08,True,True,Match
SBILIFE,Mar 2021,81913,872.0,1.0,1.06,True,True,Match
SBILIFE,Mar 2022,82983,730.0,1.0,0.88,True,True,Match
SBILIFE,Mar 2023,80636,122.0,0.0,0.15,True,True,Match
SBILIFE,Mar 2024,131988,246.0,0.0,0.19,True,True,Match
SBILIFE,TTM,130073,1007.0,,0.77,False,False,Source unavailable
SBIN,Mar 2013,167976,-5124.0,,-3.05,False,False,Source unavailable
SBIN,Mar 2014,189062,-14614.0,,-7.73,False,False,Source unavailable
SBIN,Mar 2015,207974,-21879.0,,-10.52,False,False,Source unavailable
SBIN,Mar 2016,220633,-32399.0,,-14.68,False,False,Source unavailable
SBIN,Mar 2017,230447,-64334.0,,-27.92,False,False,Source unavailable
SBIN,Mar 2018,228970,-86697.0,,-37.86,False,False,Source unavailable
SBIN,Mar 2019,253322,-68649.0,,-27.1,False,False,Source unavailable
SBIN,Mar 2020,269852,-64181.0,,-23.78,False,False,Source unavailable
SBIN,Mar 2021,278115,-70715.0,,-25.43,False,False,Source unavailable
SBIN,Mar 2022,289973,-63570.0,,-21.92,False,False,Source unavailable
SBIN,Mar 2023,350845,-43439.0,,-12.38,False,False,Source unavailable
SBIN,Mar 2024,439189,-60297.0,,-13.73,False,False,Source unavailable
SBIN,TTM,469625,-59190.0,,-12.6,False,False,Source unavailable
SHREECEM,Jun 2013,5418,1561.0,29.0,28.81,True,True,Match
SHREECEM,Jun 2014,5715,1390.0,24.0,24.32,True,True,Match
SHREECEM,Jun 2015,6259,1344.0,21.0,21.47,True,True,Match
SHREECEM,Mar 2016 9m,5514,1407.0,,25.52,False,False,Source unavailable
SHREECEM,Mar 2017,8594,2513.0,29.0,29.24,True,True,Match
SHREECEM,Mar 2018,9833,2473.0,25.0,25.15,True,True,Match
SHREECEM,Mar 2019,12555,2797.0,22.0,22.28,True,True,Match
SHREECEM,Mar 2020,12868,3771.0,29.0,29.31,True,True,Match
SHREECEM,Mar 2021,13560,4091.0,30.0,30.17,True,True,Match
SHREECEM,Mar 2022,15010,3710.0,25.0,24.72,True,True,Match
SHREECEM,Mar 2023,17852,2960.0,17.0,16.58,True,True,Match
SHREECEM,Mar 2024,20521,4518.0,22.0,22.02,True,True,Match
SHREECEM,TTM,19802,4226.0,,21.34,False,False,Source unavailable
SHRIRAMFIN,Mar 2013,7009,2179.0,31.0,31.09,True,True,Match
SHRIRAMFIN,Mar 2014,8476,1999.0,24.0,23.58,True,True,Match
SHRIRAMFIN,Mar 2015,9177,1691.0,18.0,18.43,True,True,Match
SHRIRAMFIN,Mar 2016,10359,1824.0,18.0,17.61,True,True,Match
SHRIRAMFIN,Mar 2017,10903,1972.0,18.0,18.09,True,True,Match
SHRIRAMFIN,Mar 2018,13502,3805.0,28.0,28.18,True,True,Match
SHRIRAMFIN,Mar 2019,15536,3801.0,24.0,24.47,True,True,Match
SHRIRAMFIN,Mar 2020,16561,3565.0,22.0,21.53,True,True,Match
SHRIRAMFIN,Mar 2021,17422,3402.0,20.0,19.53,True,True,Match
SHRIRAMFIN,Mar 2022,19255,3666.0,19.0,19.04,True,True,Match
SHRIRAMFIN,Mar 2023,30492,8799.0,29.0,28.86,True,True,Match
SHRIRAMFIN,Mar 2024,36388,10523.0,29.0,28.92,True,True,Match
SHRIRAMFIN,TTM,39864,11416.0,,28.64,False,False,Source unavailable
SIEMENS,Sep 2011,11955,1171.0,10.0,9.8,True,True,Match
SIEMENS,Sep 2014,10678,119.0,1.0,1.11,True,True,Match
SIEMENS,Sep 2015,10563,998.0,9.0,9.45,True,True,Match
SIEMENS,Sep 2016,10837,1021.0,9.0,9.42,True,True,Match
SIEMENS,Sep 2017,11065,1056.0,10.0,9.54,True,True,Match
SIEMENS,Sep 2018,12795,1327.0,10.0,10.37,True,True,Match
SIEMENS,Sep 2019,13084,1490.0,11.0,11.39,True,True,Match
SIEMENS,Sep 2020,9946,1003.0,10.0,10.08,True,True,Match
SIEMENS,Sep 2021,13198,1452.0,11.0,11.0,True,True,Match
SIEMENS,Sep 2022,16138,1860.0,12.0,11.53,True,True,Match
SIEMENS,Sep 2023,19554,2487.0,13.0,12.72,True,True,Match
SIEMENS,Sep 2024,22240,3104.0,14.0,13.96,True,True,Match
SUNPHARMA,Mar 2013,11131,4784.0,43.0,42.98,True,True,Match
SUNPHARMA,Mar 2014,16080,7003.0,44.0,43.55,True,True,Match
SUNPHARMA,Mar 2015,27392,7894.0,29.0,28.82,True,True,Match
SUNPHARMA,Mar 2016,28487,8174.0,29.0,28.69,True,True,Match
SUNPHARMA,Mar 2017,31578,10102.0,32.0,31.99,True,True,Match
SUNPHARMA,Mar 2018,26489,5631.0,21.0,21.26,True,True,Match
SUNPHARMA,Mar 2019,29066,6377.0,22.0,21.94,True,True,Match
SUNPHARMA,Mar 2020,32838,6983.0,21.0,21.26,True,True,Match
SUNPHARMA,Mar 2021,33498,8470.0,25.0,25.29,True,True,Match
SUNPHARMA,Mar 2022,38654,10258.0,27.0,26.54,True,True,Match
SUNPHARMA,Mar 2023,43886,11650.0,27.0,26.55,True,True,Match
SUNPHARMA,Mar 2024,48497,13018.0,28.0,26.84,False,True,Mismatch
SUNPHARMA,TTM,50308,14059.0,,27.95,False,False,Source unavailable
TATACONSUM,Mar 2013,7351,770.0,10.0,10.47,True,True,Match
TATACONSUM,Mar 2014,7738,752.0,10.0,9.72,True,True,Match
TATACONSUM,Mar 2015,7993,792.0,10.0,9.91,True,True,Match
TATACONSUM,Mar 2016,6637,366.0,6.0,5.51,True,True,Match
TATACONSUM,Mar 2017,6780,791.0,12.0,11.67,True,True,Match
TATACONSUM,Mar 2018,6815,839.0,12.0,12.31,True,True,Match
TATACONSUM,Mar 2019,7252,786.0,11.0,10.84,True,True,Match
TATACONSUM,Mar 2020,9637,1292.0,13.0,13.41,True,True,Match
TATACONSUM,Mar 2021,11602,1544.0,13.0,13.31,True,True,Match
TATACONSUM,Mar 2022,12425,1719.0,14.0,13.84,True,True,Match
TATACONSUM,Mar 2023,13783,1856.0,13.0,13.47,True,True,Match
TATACONSUM,Mar 2024,15206,2284.0,15.0,15.02,True,True,Match
TATACONSUM,TTM,16297,2496.0,,15.32,False,False,Source unavailable
TATAMOTORS,Mar 2013,188793,24596.0,13.0,13.03,True,True,Match
TATAMOTORS,Mar 2014,232834,34853.0,15.0,14.97,True,True,Match
TATAMOTORS,Mar 2015,263159,39239.0,15.0,14.91,True,True,Match
TATAMOTORS,Mar 2016,273046,38395.0,14.0,14.06,True,True,Match
TATAMOTORS,Mar 2017,269693,29589.0,11.0,10.97,True,True,Match
TATAMOTORS,Mar 2018,291550,31458.0,11.0,10.79,True,True,Match
TATAMOTORS,Mar 2019,301938,24664.0,8.0,8.17,True,True,Match
TATAMOTORS,Mar 2020,261068,17987.0,7.0,6.89,True,True,Match
TATAMOTORS,Mar 2021,249795,32287.0,13.0,12.93,True,True,Match
TATAMOTORS,Mar 2022,278454,24720.0,9.0,8.88,True,True,Match
TATAMOTORS,Mar 2023,345967,31816.0,9.0,9.2,True,True,Match
TATAMOTORS,Mar 2024,437928,59538.0,14.0,13.6,True,True,Match
TATAMOTORS,TTM,440061,60497.0,,13.75,False,False,Source unavailable
TATAPOWER,Mar 2013,33177,5595.0,17.0,16.86,True,True,Match
TATAPOWER,Mar 2014,35726,6916.0,19.0,19.36,True,True,Match
TATAPOWER,Mar 2015,33593,6301.0,19.0,18.76,True,True,Match
TATAPOWER,Mar 2016,29494,2105.0,7.0,7.14,True,True,Match
TATAPOWER,Mar 2017,27588,5473.0,20.0,19.84,True,True,Match
TATAPOWER,Mar 2018,26840,2295.0,9.0,8.55,True,True,Match
TATAPOWER,Mar 2019,29881,3070.0,10.0,10.27,True,True,Match
TATAPOWER,Mar 2020,29136,6805.0,23.0,23.36,True,True,Match
TATAPOWER,Mar 2021,32703,6921.0,21.0,21.16,True,True,Match
TATAPOWER,Mar 2022,42816,7031.0,16.0,16.42,True,True,Match
TATAPOWER,Mar 2023,55109,7728.0,14.0,14.02,True,True,Match
TATAPOWER,Mar 2024,61449,10735.0,17.0,17.47,True,True,Match
TATAPOWER,TTM,63489,11057.0,,17.42,False,False,Source unavailable
TATASTEEL,Mar 2013,134712,3965.0,3.0,2.94,True,True,Match
TATASTEEL,Mar 2014,148614,16184.0,11.0,10.89,True,True,Match
TATASTEEL,Mar 2015,139504,3409.0,2.0,2.44,True,True,Match
TATASTEEL,Mar 2016,101965,-625.0,-1.0,-0.61,True,True,Match
TATASTEEL,Mar 2017,112299,13144.0,12.0,11.7,True,True,Match
TATASTEEL,Mar 2018,123249,21433.0,17.0,17.39,True,True,Match
TATASTEEL,Mar 2019,157669,29318.0,19.0,18.59,True,True,Match
TATASTEEL,Mar 2020,139817,17463.0,12.0,12.49,True,True,Match
TATASTEEL,Mar 2021,156294,30504.0,20.0,19.52,True,True,Match
TATASTEEL,Mar 2022,243959,63490.0,26.0,26.02,True,True,Match
TATASTEEL,Mar 2023,243353,32300.0,13.0,13.27,True,True,Match
TATASTEEL,Mar 2024,229171,22248.0,10.0,9.71,True,True,Match
TATASTEEL,TTM,221012,25314.0,,11.45,False,False,Source unavailable
TCS,Mar 2013,62989,18040.0,29.0,28.64,True,True,Match
TCS,Mar 2014,81809,25153.0,31.0,30.75,True,True,Match
TCS,Mar 2015,94648,24482.0,26.0,25.87,True,True,Match
TCS,Mar 2016,108646,30677.0,28.0,28.24,True,True,Match
TCS,Mar 2017,117966,32311.0,27.0,27.39,True,True,Match
TCS,Mar 2018,123104,32516.0,26.0,26.41,True,True,Match
TCS,Mar 2019,146463,39506.0,27.0,26.97,True,True,Match
TCS,Mar 2020,156949,42109.0,27.0,26.83,True,True,Match
TCS,Mar 2021,164177,46546.0,28.0,28.35,True,True,Match
TCS,Mar 2022,191754,53057.0,28.0,27.67,True,True,Match
TCS,Mar 2023,225458,59259.0,26.0,26.28,True,True,Match
TCS,Mar 2024,240893,64296.0,27.0,26.69,True,True,Match
TCS,TTM,252082,67591.0,,26.81,False,False,Source unavailable
TECHM,Mar 2013,6873,1422.0,21.0,20.69,True,True,Match
TECHM,Mar 2014,18802,4172.0,22.0,22.19,True,True,Match
TECHM,Mar 2015,22621,4193.0,19.0,18.54,True,True,Match
TECHM,Mar 2016,26494,4260.0,16.0,16.08,True,True,Match
TECHM,Mar 2017,29141,4184.0,14.0,14.36,True,True,Match
TECHM,Mar 2018,30773,4710.0,15.0,15.31,True,True,Match
TECHM,Mar 2019,34742,6271.0,18.0,18.05,True,True,Match
TECHM,Mar 2020,36868,5503.0,15.0,14.93,True,True,Match
TECHM,Mar 2021,37855,6796.0,18.0,17.95,True,True,Match
TECHM,Mar 2022,44646,8020.0,18.0,17.96,True,True,Match
TECHM,Mar 2023,53290,7763.0,15.0,14.57,True,True,Match
TECHM,Mar 2024,51996,4506.0,9.0,8.67,True,True,Match
TECHM,TTM,52476,6223.0,,11.86,False,False,Source unavailable
TITAN,Mar 2013,10123,1014.0,10.0,10.02,True,True,Match
TITAN,Mar 2014,10927,1047.0,10.0,9.58,True,True,Match
TITAN,Mar 2015,11913,1153.0,10.0,9.68,True,True,Match
TITAN,Mar 2016,11276,939.0,8.0,8.33,True,True,Match
TITAN,Mar 2017,13261,1164.0,9.0,8.78,True,True,Match
TITAN,Mar 2018,16120,1644.0,10.0,10.2,True,True,Match
TITAN,Mar 2019,19779,1994.0,10.0,10.08,True,True,Match
TITAN,Mar 2020,21052,2463.0,12.0,11.7,True,True,Match
TITAN,Mar 2021,21644,1725.0,8.0,7.97,True,True,Match
TITAN,Mar 2022,28799,3344.0,12.0,11.61,True,True,Match
TITAN,Mar 2023,40575,4882.0,12.0,12.03,True,True,Match
TITAN,Mar 2024,51084,5292.0,10.0,10.36,True,True,Match
TITAN,TTM,54458,5239.0,,9.62,False,False,Source unavailable
TORNTPHARM,Mar 2013,3203,697.0,22.0,21.76,True,True,Match
TORNTPHARM,Mar 2014,4172,955.0,23.0,22.89,True,True,Match
TORNTPHARM,Mar 2015,4636,1020.0,22.0,22.0,True,True,Match
TORNTPHARM,Mar 2016,6687,2733.0,41.0,40.87,True,True,Match
TORNTPHARM,Mar 2017,5816,1377.0,24.0,23.68,True,True,Match
TORNTPHARM,Mar 2018,5950,1349.0,23.0,22.67,True,True,Match
TORNTPHARM,Mar 2019,7673,1983.0,26.0,25.84,True,True,Match
TORNTPHARM,Mar 2020,7939,2170.0,27.0,27.33,True,True,Match
TORNTPHARM,Mar 2021,8005,2480.0,31.0,30.98,True,True,Match
TORNTPHARM,Mar 2022,8508,2431.0,29.0,28.57,True,True,Match
TORNTPHARM,Mar 2023,9620,2842.0,30.0,29.54,True,True,Match
TORNTPHARM,Mar 2024,10728,3368.0,31.0,31.39,True,True,Match
TORNTPHARM,TTM,11302,3640.0,,32.21,False,False,Source unavailable
TRENT,Mar 2013,2132,5.0,0.0,0.23,True,True,Match
TRENT,Mar 2014,2333,-10.0,0.0,-0.43,True,True,Match
TRENT,Mar 2015,2284,88.0,4.0,3.85,True,True,Match
TRENT,Mar 2016,1686,90.0,5.0,5.34,True,True,Match
TRENT,Mar 2017,1812,134.0,7.0,7.4,True,True,Match
TRENT,Mar 2018,2157,208.0,10.0,9.64,True,True,Match
TRENT,Mar 2019,2630,241.0,9.0,9.16,True,True,Match
TRENT,Mar 2020,3486,529.0,15.0,15.17,True,True,Match
TRENT,Mar 2021,2593,114.0,4.0,4.4,True,True,Match
TRENT,Mar 2022,4498,595.0,13.0,13.23,True,True,Match
TRENT,Mar 2023,8242,1114.0,14.0,13.52,True,True,Match
TRENT,Mar 2024,12375,1971.0,16.0,15.93,True,True,Match
TRENT,TTM,15025,2354.0,,15.67,False,False,Source unavailable
TVSMOTOR,Mar 2013,7510,438.0,6.0,5.83,True,True,Match
TVSMOTOR,Mar 2014,8384,492.0,6.0,5.87,True,True,Match
TVSMOTOR,Mar 2015,10256,605.0,6.0,5.9,True,True,Match
TVSMOTOR,Mar 2016,11377,819.0,7.0,7.2,True,True,Match
TVSMOTOR,Mar 2017,12463,871.0,7.0,6.99,True,True,Match
TVSMOTOR,Mar 2018,16340,1571.0,10.0,9.61,True,True,Match
TVSMOTOR,Mar 2019,20160,2163.0,11.0,10.73,True,True,Match
TVSMOTOR,Mar 2020,18849,2264.0,12.0,12.01,True,True,Match
TVSMOTOR,Mar 2021,19421,2232.0,11.0,11.49,True,True,Match
TVSMOTOR,Mar 2022,24355,2755.0,11.0,11.31,True,True,Match
TVSMOTOR,Mar 2023,31974,4027.0,13.0,12.59,True,True,Match
TVSMOTOR,Mar 2024,39145,5500.0,14.0,14.05,True,True,Match
TVSMOTOR,TTM,42886,6190.0,,14.43,False,False,Source unavailable
ULTRACEMCO,Mar 2013,20514,4839.0,24.0,23.59,True,True,Match
ULTRACEMCO,Mar 2014,20730,4035.0,19.0,19.46,True,True,Match
ULTRACEMCO,Mar 2015,23306,4425.0,19.0,18.99,True,True,Match
ULTRACEMCO,Mar 2016,25153,4901.0,19.0,19.48,True,True,Match
ULTRACEMCO,Mar 2017,25375,5212.0,21.0,20.54,True,True,Match
ULTRACEMCO,Mar 2018,30979,6145.0,20.0,19.84,True,True,Match
ULTRACEMCO,Mar 2019,41462,7347.0,18.0,17.72,True,True,Match
ULTRACEMCO,Mar 2020,42430,9246.0,22.0,21.79,True,True,Match
ULTRACEMCO,Mar 2021,44726,11568.0,26.0,25.86,True,True,Match
ULTRACEMCO,Mar 2022,52599,11514.0,22.0,21.89,True,True,Match
ULTRACEMCO,Mar 2023,63240,10620.0,17.0,16.79,True,True,Match
ULTRACEMCO,Mar 2024,70908,12969.0,18.0,18.29,True,True,Match
ULTRACEMCO,TTM,71317,12056.0,,16.9,False,False,Source unavailable
UNIONBANK,Mar 2013,25169,325.0,1.0,1.29,True,True,Match
UNIONBANK,Mar 2014,29394,-902.0,-3.0,-3.07,True,True,Match
UNIONBANK,Mar 2015,32164,-973.0,-3.0,-3.03,True,True,Match
UNIONBANK,Mar 2016,32316,-1928.0,-6.0,-5.97,True,True,Match
UNIONBANK,Mar 2017,32817,-4830.0,-15.0,-14.72,True,True,Match
UNIONBANK,Mar 2018,32952,-11700.0,-36.0,-35.51,True,True,Match
UNIONBANK,Mar 2019,34314,-8601.0,-25.0,-25.07,True,True,Match
UNIONBANK,Mar 2020,37479,-9523.0,-25.0,-25.41,True,True,Match
UNIONBANK,Mar 2021,69311,-11071.0,-16.0,-15.97,True,True,Match
UNIONBANK,Mar 2022,68230,-4213.0,-6.0,-6.17,True,True,Match
UNIONBANK,Mar 2023,81163,-3024.0,-4.0,-3.73,True,True,Match
UNIONBANK,Mar 2024,100376,4590.0,5.0,4.57,True,True,Match
UNIONBANK,TTM,107058,2090.0,,1.95,False,False,Source unavailable
UNITDSPR,Mar 2013,10378,1091.0,,10.51,False,False,Source unavailable
UNITDSPR,Mar 2014,10508,-3368.0,,-32.05,False,False,Source unavailable
UNITDSPR,Mar 2015,9254,-366.0,,-3.96,False,False,Source unavailable
UNITDSPR,Mar 2016,8495,333.0,,3.92,False,False,Source unavailable
UNITDSPR,Mar 2017,8818,991.0,,11.24,False,False,Source unavailable
UNITDSPR,Mar 2018,8591,1209.0,,14.07,False,False,Source unavailable
UNITDSPR,Mar 2019,9341,1394.0,,14.92,False,False,Source unavailable
UNITDSPR,Mar 2020,9325,1569.0,,16.83,False,False,Source unavailable
UNITDSPR,Mar 2021,8131,1051.0,,12.93,False,False,Source unavailable
UNITDSPR,Mar 2022,9712,1595.0,,16.42,False,False,Source unavailable
UNITDSPR,Mar 2023,10612,1417.0,,13.35,False,False,Source unavailable
UNITDSPR,Mar 2024,11321,2000.0,,17.67,False,False,Source unavailable
UNITDSPR,TTM,11821,2111.0,,17.86,False,False,Source unavailable
VBL,Dec 2012,1800,228.0,,12.67,False,False,Source unavailable
VBL,Dec 2013,2115,291.0,,13.76,False,False,Source unavailable
VBL,Dec 2014,2502,387.0,,15.47,False,False,Source unavailable
VBL,Dec 2015,3394,642.0,,18.92,False,False,Source unavailable
VBL,Dec 2016,3861,810.0,,20.98,False,False,Source unavailable
VBL,Dec 2017,4004,838.0,,20.93,False,False,Source unavailable
VBL,Dec 2018,5105,1036.0,,20.29,False,False,Source unavailable
VBL,Dec 2019,7130,1462.0,,20.5,False,False,Source unavailable
VBL,Dec 2020,6450,1215.0,,18.84,False,False,Source unavailable
VBL,Dec 2021,8823,1694.0,,19.2,False,False,Source unavailable
VBL,Dec 2022,13173,2863.0,,21.73,False,False,Source unavailable
VBL,Dec 2023,16043,3717.0,,23.17,False,False,Source unavailable
VBL,TTM,18987,4549.0,,23.96,False,False,Source unavailable
VEDL,Mar 2013,2749,465.0,,16.92,False,False,Source unavailable
VEDL,Mar 2014,66152,19595.0,,29.62,False,False,Source unavailable
VEDL,Mar 2015,73710,22114.0,,30.0,False,False,Source unavailable
VEDL,Mar 2016,64262,-18479.0,,-28.76,False,False,Source unavailable
VEDL,Mar 2017,72225,21376.0,,29.6,False,False,Source unavailable
VEDL,Mar 2018,91866,24877.0,,27.08,False,False,Source unavailable
VEDL,Mar 2019,92048,23171.0,,25.17,False,False,Source unavailable
VEDL,Mar 2020,84447,20743.0,,24.56,False,False,Source unavailable
VEDL,Mar 2021,88021,27318.0,,31.04,False,False,Source unavailable
VEDL,Mar 2022,132732,44824.0,,33.77,False,False,Source unavailable
VEDL,Mar 2023,147308,34431.0,,23.37,False,False,Source unavailable
VEDL,Mar 2024,143727,35312.0,,24.57,False,False,Source unavailable
VEDL,TTM,144448,37072.0,,25.66,False,False,Source unavailable
WIPRO,Mar 2013,37430,7657.0,,20.46,False,False,Source unavailable
WIPRO,Mar 2014,43424,9635.0,,22.19,False,False,Source unavailable
WIPRO,Mar 2015,46951,10299.0,,21.94,False,False,Source unavailable
WIPRO,Mar 2016,51244,10796.0,,21.07,False,False,Source unavailable
WIPRO,Mar 2017,55448,11321.0,,20.42,False,False,Source unavailable
WIPRO,Mar 2018,54487,10387.0,,19.06,False,False,Source unavailable
WIPRO,Mar 2019,59019,11613.0,,19.68,False,False,Source unavailable
WIPRO,Mar 2020,61138,12342.0,,20.19,False,False,Source unavailable
WIPRO,Mar 2021,61935,14771.0,,23.85,False,False,Source unavailable
WIPRO,Mar 2022,79312,16684.0,,21.04,False,False,Source unavailable
WIPRO,Mar 2023,90488,16839.0,,18.61,False,False,Source unavailable
WIPRO,Mar 2024,89760,16752.0,,18.66,False,False,Source unavailable
WIPRO,TTM,88792,17773.0,,20.02,False,False,Source unavailable
ZOMATO,Mar 2018,466,-92.0,,-19.74,False,False,Source unavailable
ZOMATO,Mar 2019,1313,-2243.0,,-170.83,False,False,Source unavailable
ZOMATO,Mar 2020,2605,-2305.0,,-88.48,False,False,Source unavailable
ZOMATO,Mar 2021,1994,-467.0,,-23.42,False,False,Source unavailable
ZOMATO,Mar 2022,4192,-1851.0,,-44.16,False,False,Source unavailable
ZOMATO,Mar 2023,7079,-1211.0,,-17.11,False,False,Source unavailable
ZOMATO,Mar 2024,12114,43.0,,0.35,False,False,Source unavailable
ZOMATO,TTM,17972,651.0,,3.62,False,False,Source unavailable
ZYDUSLIFE,Mar 2013,6358,1130.0,,17.77,False,False,Source unavailable
ZYDUSLIFE,Mar 2014,7224,1203.0,,16.65,False,False,Source unavailable
ZYDUSLIFE,Mar 2015,8651,1756.0,,20.3,False,False,Source unavailable
ZYDUSLIFE,Mar 2016,9427,2332.0,,24.74,False,False,Source unavailable
ZYDUSLIFE,Mar 2017,9376,1902.0,,20.29,False,False,Source unavailable
ZYDUSLIFE,Mar 2018,11905,2831.0,,23.78,False,False,Source unavailable
ZYDUSLIFE,Mar 2019,13166,2991.0,,22.72,False,False,Source unavailable
ZYDUSLIFE,Mar 2020,14253,2798.0,,19.63,False,False,Source unavailable
ZYDUSLIFE,Mar 2021,14404,3391.0,,23.54,False,False,Source unavailable
ZYDUSLIFE,Mar 2022,15110,3342.0,,22.12,False,False,Source unavailable
ZYDUSLIFE,Mar 2023,17237,3860.0,,22.39,False,False,Source unavailable
ZYDUSLIFE,Mar 2024,19547,5384.0,,27.54,False,False,Source unavailable
ZYDUSLIFE,TTM,21484,6278.0,,29.22,False,False,Source unavailable
INDIGO,Mar 2013,9203,8348.0,855.0,90.71,False,True,Mismatch
INDIGO,Mar 2014,11117,10684.0,433.0,96.11,False,True,Mismatch
INDIGO,Mar 2015,13925,12022.0,1904.0,86.33,False,True,Mismatch
INDIGO,Mar 2016,16140,12976.0,3164.0,80.4,False,True,Mismatch
INDIGO,Mar 2017,18580,16362.0,2219.0,88.06,False,True,Mismatch
INDIGO,Mar 2018,23021,19991.0,3030.0,86.84,False,True,Mismatch
INDIGO,Mar 2019,28497,28648.0,-151.0,100.53,False,True,Mismatch
INDIGO,Mar 2020,35756,31687.0,4069.0,88.62,False,True,Mismatch
INDIGO,Mar 2021,14641,14638.0,2.0,99.98,False,True,Mismatch
INDIGO,Mar 2022,25931,25373.0,558.0,97.85,False,True,Mismatch
INDIGO,Mar 2023,54446,47926.0,6521.0,88.02,False,True,Mismatch
INDIGO,Mar 2024,68904,52573.0,16331.0,76.3,False,True,Mismatch
INDIGO,TTM,76476,60568.0,,79.2,False,False,Source unavailable
